52440712699167, 52440935065483, 52440972540859
52441004912851, 52441010607471, 52441015494773
52441019863865, 52441026496051, 52441033417921
52441037477332, 52441042138183, 52441047279869
52441051499553, 52441069107682, 52441083914506
52441088397647, 52441094025485, 52441102031152
52441115653347, 52441125524797, 52441140170296
52441146989909, 52441157223393, 52441167454216
52441171691570, 52441177843334, 52441183971136
52441187942584, 52441192043927, 52441205447231
52441210684027, 52441215061032, 52441220882321
52441225577621, 52441231680337, 52441238555020
52441241628125, 52441246858540, 52441252389369
52441256547597, 52441265016978, 52441277757027
52441284096477, 52441286972373, 52441299878491
52441311371774, 52441315489968, 52441325462445
52441330898784, 52441335004263, 52441339867848
52441344548305, 52441350470563, 52441364485759
52441368104806, 52441372102724, 52441380931214
52441385336322, 52441388294414, 52441394131269
52441399422976, 52441403241565, 52441408395317
52441413195345, 52441416286946, 52441420492998
52441425364559, 52441428328695, 52441434400838
52441437466342, 52441442084748, 52441449920544
52441455221977, 52441458586236, 52441465967752
52441469747835, 52441476775608, 52441484977495
52441488974258, 52441493134751, 52441498442587
52441503502081, 52441508798403, 52441514007759
52441517245237, 52441519906692, 52441525736081
52441529492473, 52441533877830, 52441539237863
52441543414315, 52441548425563, 52441553920862
52441557760355, 52441560453566, 52441567572816
52441571366459, 52441576943283, 52441583686141
52441587341423, 52441591024095, 52441596177597
52441604447949, 52441607933962, 52441616741962
52441625879869, 52441628792886, 52441635534145
52441644474424, 52441650038447, 52441654487340
52441658550194, 52441661075582, 52441665984413
52441669434162, 52441672217500, 52441679286020
52441683074629, 52441685604143, 52441699643964
52441707623590, 52441710365845, 52441715041093
52441718576461, 52441722982612, 52441728737061
52441733258376, 52441736113399, 52441741923011
52441745272158, 52441748376170, 52441753709363
52441757745441, 52441760341244, 52441765822706
52441769739864, 52441774592744, 52441782430374
52441786746215, 52441790257522, 52441794443909
52441797712705, 52441800494302, 52441810513250
52441814769834, 52441818871026, 52441826071854
52441831464339, 52441835682676, 52441841261960
52441846185285, 52441848714938, 52441854084968
52441858020913, 52441862238972, 52441867601047
52441871927541, 52441877926967, 52441884054153
52441888745859, 52441893588068, 52441898919509
52441904596345, 52441907643783, 52441911803959
52441915368251, 52441918877496, 52441926336926
52441932298714, 52441935759785, 52441942122552
52441947247787, 52441950387939, 52441957426437
52441962141011, 52441965002896, 52441968339718
52441975393982, 52441978061811, 52441983183436
52441986487650, 52441990884250, 52441994435006
52442003932970, 52442009568432, 52442014373219
52442021397787, 52442026428690, 52442032691689
52442036114925, 52442040448050, 52442046719811
52442049747151, 52442054316921, 52442058342310
52442062360291, 52442065718537, 52442069011256
52442074948189, 52442079121749, 52442084613106
52442089634362, 52442094639884, 52442100057841
52442104314763, 52442110723012, 52442114605493
52442119947908, 52442124894487, 52442128893309
52442133248455, 52442135847886, 52442141049318
52442144841709, 52442147583257, 52442152742214
52442156976405, 52442162034104, 52442165955611
52442170441254, 52442174681343, 52442179553852
52442182748074, 52442185397579, 52442191954193
52442196177818, 52442198596439, 52442201824469
52442208203208, 52442211023524, 52442215200653
52442218628219, 52442221877742, 52442226745357
52442231206965, 52442234254429, 52442242408816
52442246679486, 52442250109012, 52442258346113
52442262481931, 52442265073669, 52442271268461
52442276822512, 52442281502192, 52442285958517
52442289087930, 52442292133515, 52442299011527
52442302662873, 52442306047898, 52442314499962
52442317828029, 52442321329678, 52442327155875
52442330689105, 52442334236190, 52442338534088
52442341929771, 52442345661867, 52442349274913
52442353017292, 52442357236351, 52442361011172
52442364841057, 52442370667253, 52442378444195
52442381524459, 52442385484929, 52442390243903
52442394137174, 52442396951203, 52442401067543
52442404346659, 52442410354541, 52442415913412
52442419160068, 52442424299967, 52442429025776
52442434117239, 52442437846122, 52442441036053
52442444671054, 52442447589602, 52442452297506
52442456305765, 52442460277479, 52442465576183
52442469825910, 52442476854307, 52442482052882
52442486451179, 52442489545149, 52442492571386
52442497290412, 52442499970307, 52442503669864
52442507906020, 52442511002844, 52442517070149
52442520808934, 52442524949556, 52442528811493
52442533256094, 52442535866727, 52442539461336
52442543652872, 52442546097552, 52442551569210
52442555094817, 52442558795537, 52442563486750
52442567552403, 52442570065398, 52442576597045
52442580254021, 52442584108371, 52442587653865
52442591906766, 52442594827050, 52442600433774
52442604158041, 52442608187421, 52442616627071
52442621656897, 52442625425113, 52442632298117
52442636165153, 52442639336898, 52442644190601
52442648897972, 52442651866539, 52442655806410
52442659190302, 52442662231884, 52442666422798
52442669982276, 52442672746994, 52442680374272
52442684045856, 52442688375907, 52442696575745
52442702454138, 52442705155467, 52442710241099
52442714581953, 52442717960085, 52442725310760
52442733261244, 52442736884686, 52442740635269
52442745092480, 52442748220335, 52442752736635
52442757069094, 52442760279793, 52442765361699
52442769681328, 52442772608127, 52442779330816
52442784007799, 52442787027282, 52442793409426
52442797492917, 52442801127069, 52442804965146
52442810359570, 52442814266502, 52442818306686
52442826023438, 52442828970930, 52442834292117
52442840931171, 52442849976144, 52442854651551
52442858038824, 52442861560827, 52442866907485
52442870827970, 52442876083690, 52442880071440
52442883538413, 52442887188450, 52442890437341
52442894667132, 52442896584867, 52442901290787
52442904475309, 52442907341747, 52442916634007
52442921541028, 52442925374569, 52442932049351
52442936197303, 52442940175282, 52442946193967
52442950326510, 52442954866273, 52442958336956
52442963780094, 52442967728135, 52442975364494
52442980628637, 52442984882154, 52442991523547
52442995880255, 52442999407192, 52443004223777
52443008394698, 52443020528567, 52443038682099
52443048213312, 52443050893538, 52443055660581
52443061110485, 52443063064620, 52443067409725
52443070399490, 52443072517432, 52443077716064
52443081592484, 52443083837917, 52443086566211
52443090085121, 52443092029939, 52443094772943
52443098579280, 52443100663266, 52443103966306
52443107711556, 52443109694989, 52443112900906
52443116019608, 52443117876659, 52443123284489
52443127828154, 52443133333933, 52443136141182
52443139118395, 52443142161880, 52443146392162
52443148993575, 52443150895167, 52443155080919
52443158721713, 52443160611450, 52443163027810
52443166516061, 52443168319205, 52443175164810
52443179229277, 52443181030929, 52443184459366
52443187560397, 52443190343872, 52443193493429
52443196297998, 52443197756502, 52443202522128
52443205577346, 52443209527496, 52443212994369
52443215927141, 52443218931208, 52443222493157
52443225808515, 52443227731123, 52443232615414
52443235243447, 52443237721909, 52443240431832
52443243734937, 52443246256936, 52443250305250
52443253619852, 52443255820470, 52443258663101
52443262229711, 52443264258348, 52443266796259
52443270198042, 52443272187174, 52443276306070
52443280246043, 52443281775095, 52443286881053
52443289777140, 52443291722354, 52443295826987
52443298093541, 52443300609714, 52443304621267
52443307450869, 52443309872118, 52443312437135
52443315871377, 52443318807314, 52443326076520
52443329723513, 52443334222190, 52443339194907
52443342125532, 52443345830341, 52443353467309
52443357971637, 52443360894404, 52443364395213
52443367465764, 52443370843782, 52443378205348
52443381580625, 52443385467849, 52443388713778
52443393075820, 52443396188394, 52443399048421
52443404375802, 52443407088875, 52443410011523
52443414397103, 52443419089912, 52443426515758
52443430742467, 52443434487665, 52443439138585
52443443737306, 52443446658548, 52443450974646
52443455362783, 52443457305758, 52443463313009
52443466956607, 52443469390118, 52443475508970
52443479995734, 52443481935000, 52443485107945
52443488236963, 52443490111333, 52443493519747
52443496285391, 52443501685760, 52443505326607
52443507641188, 52443510201822, 52443512912402
52443516835629, 52443518782549, 52443523717804
52443527755414, 52443532171900, 52443535947872
52443539697051, 52443542977433, 52443546730468
52443550530389, 52443554082911, 52443558990628
52443563394071, 52443566078249, 52443569680557
52443572954773, 52443577114958, 52443585110453
52443588481344, 52443590280474, 52443593581998
52443596229340, 52443598474316, 52443602905761
52443605931502, 52443607879881, 52443611355401
52443614298694, 52443617381901, 52443620237825
52443622646200, 52443627091524, 52443631914373
52443634261551, 52443636727514, 52443640724501
52443653395450, 52443656207294, 52443659159861
52443662626425, 52443664543587, 52443667504780
52443671622341, 52443675996324, 52443679420475
52443682116988, 52443685024528, 52443688760278
52443692302307, 52443699364074, 52443703390997
52443707254875, 52443708794216, 52443712929369
52443715514990, 52443718562717, 52443721410677
52443726296817, 52443731354677, 52443735476033
52443739227311, 52443740785074, 52443743515450
52443747046115, 52443748766925, 52443752517280
52443756725251, 52443759547559, 52443762386587
52443765825698, 52443767658356, 52443770582458
52443775543025, 52443779065375, 52443782667167
52443787458796, 52443789361891, 52443792151934
52443796136218, 52443798030505, 52443800638671
52443803300563, 52443805910792, 52443810223824
52443813510458, 52443816175455, 52443820715294
52443824484466, 52443826614136, 52443831830376
52443834910816, 52443837861224, 52443840842460
52443843804716, 52443847929641, 52443851506433
52443854531397, 52443857188717, 52443862563833
52443865258994, 52443867179549, 52443870805290
52443874779075, 52443877847354, 52443880294130
52443883215376, 52443886255038, 52443893749306
52443896480426, 52443898420429, 52443901604063
52443905130703, 52443907238437, 52443910422885
52443913177849, 52443915335559, 52443919563700
52443922364905, 52443926100970, 52443928944168
52443935183685, 52443938651419, 52443941206065
52443944082675, 52443946419829, 52443950376492
52443954313580, 52443956185187, 52443959900131
52443963389354, 52443964956981, 52443967590190
52443971048437, 52443977671163, 52443980550188
52443983696296, 52443985841365, 52443988594731
52443992210702, 52443994173283, 52443996952716
52443999513182, 52444002068033, 52444004880923
52444007599330, 52444010034433, 52444013727452
52444016323934, 52444018731554, 52444022590086
52444035141267, 52444037595508, 52444040711559
52444045744539, 52444049127669, 52444053026602
52444058295256, 52444060898500, 52444065127542
52444068637531, 52444070417472, 52444075677405
52444078209583, 52444080067973, 52444083169082
52444086734704, 52444088596631, 52444091309154
52444095109815, 52444097525203, 52444100353104
52444104010060, 52444106085386, 52444108948674
52444113935170, 52444116543534, 52444119314282
52444122673740, 52444125840723, 52444128684404
52444133159357, 52444136773000, 52444140422630
52444143207553, 52444145946011, 52444148873763
52444151622896, 52444154093729, 52444157428528
52444159953890, 52444162595442, 52444166112183
52444168988275, 52444171075733, 52444175528077
52444178991644, 52444180973535, 52444184446208
52444187319149, 52444189409268, 52444193915013
52444196843284, 52444198869335, 52444205853447
52444209516816, 52444211662647, 52444218397262
52444221612486, 52444223228325, 52444227839978
52444231515102, 52444235317077, 52444238619068
52444241282347, 52444243228296, 52444246641641
52444250359921, 52444252835162, 52444256189888
52444258774048, 52444261613198, 52444264834403
52444267590500, 52444269400608, 52444272622850
52444277538498, 52444279514537, 52444283165304
52444286903354, 52444289448963, 52444293290123
52444296157658, 52444298942675, 52444301935120
52444304982280, 52444308594823, 52444311626595
52444314351424, 52444316864517, 52444320896750
52444323643370, 52444325528585, 52444328267128
52444332167115, 52444335649624, 52444338506403
52444341746491, 52444343519398, 52444346658769
52444349758013, 52444351859390, 52444354575438
52444357379344, 52444359308544, 52444363701859
52444367052831, 52444369416448, 52444372106857
52444377716810, 52444379962302, 52444382633949
52444385153580, 52444388890239, 52444393612456
52444396228759, 52444398160935, 52444404615897
52444408428361, 52444410360245, 52444414087859
52444418045551, 52444420228033, 52444423106697
52444427350152, 52444430875073, 52444434228059
52444438243759, 52444440192688, 52444445329701
52444449696996, 52444452017987, 52444455479079
52444458253240, 52444460331206, 52444463372972
52444466603373, 52444469668256, 52444472271937
52444477525256, 52444479341101, 52444481972533
52444486438195, 52444488248190, 52444492229621
52444495271838, 52444497965593, 52444501609392
52444504807642, 52444507480345, 52444510323869
52444513161318, 52444515364663, 52444521194074
52444525063844, 52444527065330, 52444529852333
52444534105032, 52444536390483, 52444539467978
52444543222272, 52444545373925, 52444549081718
52444552049468, 52444554009931, 52444556466174
52444560469470, 52444562822757, 52444565617267
52444569816097, 52444572339389, 52444577090148
52444580251564, 52444582107868, 52444584405369
52444587292936, 52444590337319, 52444595299122
52444598181886, 52444599934817, 52444603101803
52444606249781, 52444608381121, 52444610793171
52444614043171, 52444615826530, 52444618790492
52444622529960, 52444625013247, 52444628645119
52444632838876, 52444635042257, 52444637815887
52444641249800, 52444644366174, 52444648810561
52444652693621, 52444655264789, 52444658938560
52444662236338, 52444664201170, 52444667640025
52444670994911, 52444678694823, 52444683379017
52444687345698, 52444691746740, 52444699749889
52444702675313, 52444704665689, 52444707363940
52444710802420, 52444712967310, 52444715675892
52444718325211, 52444720924474, 52444725311405
52444728656715, 52444731764293, 52444734641593
52444737703369, 52444740975066, 52444743655964
52444747099314, 52444748898246, 52444752041264
52444755105787, 52444756878083, 52444761424719
52444764111802, 52444766027363, 52444768829714
52444772047939, 52444773831528, 52444776820385
52444779555309, 52444782150126, 52444785284933
52444788231035, 52444789943064, 52444793346000
52444795880089, 52444798174337, 52444801260018
52444803985353, 52444806026604, 52444808728546
52444810845913, 52444813517675, 52444816081440
52444818901043, 52444820398590, 52444826629181
52444829371739, 52444831209469, 52444834998324
52444837870584, 52444839688095, 52444842637635
52444846211382, 52444848057764, 52444850811155
52444853345772, 52444855161330, 52444858866104
52444861295169, 52444863118172, 52444866354061
52444869678632, 52444871517400, 52444875318582
52444878861512, 52444880659210, 52444883248651
52444886268590, 52444888430970, 52444892926932
52444896340471, 52444898477767, 52444901159319
52444904637934, 52444907067133, 52444909662328
52444912716344, 52444914655831, 52444918402067
52444921342146, 52444923329062, 52444926842167
52444929653418, 52444931601963, 52444934180627
52444938024007, 52444939854963, 52444942996313
52444946152121, 52444948000128, 52444951853090
52444954240190, 52444956031935, 52444959719682
52444963584438, 52444965541279, 52444968112518
52444970561335, 52444974154987, 52444978055654
52444981119205, 52444983093719, 52444985886471
52444988815883, 52444990959663, 52444995009281
52444997701524, 52444999573110, 52445003616175
52445006527559, 52445008302496, 52445010908632
52445013339926, 52445015123292, 52445019641629
52445022535637, 52445025532779, 52445029722111
52445034068372, 52445035935175, 52445045928397
52445049666104, 52445052029737, 52445056425646
52445060031102, 52445063267761, 52445066057401
52445068820075, 52445071854468, 52445074791554
52445077656445, 52445079483169, 52445083798600
52445086482087, 52445089306185, 52445092703879
52445095635123, 52445098402478, 52445101435616
52445104094563, 52445105730904, 52445111267215
52445114159775, 52445115916046, 52445119586088
52445122180667, 52445125918367, 52445129592813
52445132927914, 52445135276653, 52445137944531
52445141726664, 52445143855459, 52445147716372
52445151299056, 52445153186212, 52445155830796
52445158503982, 52445161066092, 52445163502062
52445166895743, 52445168649458, 52445171345457
52445174916915, 52445176944902, 52445180974512
52445184484471, 52445186459495, 52445190111288
52445193001276, 52445194755964, 52445198011195
52445200599999, 52445202470794, 52445206666580
52445209166449, 52445211388592, 52445214817862
52445218303589, 52445220082545, 52445223410663
52445226595644, 52445228973973, 52445231703466
52445234737807, 52445237405963, 52445239925434
52445242129056, 52445243889201, 52445249552453
52445252725114, 52445254874796, 52445257381579
52445260035198, 52445262278418, 52445264878534
52445267395116, 52445270053358, 52445274900013
52445277539153, 52445279314579, 52445283015167
52445285683991, 52445287536682, 52445291168154
52445294034246, 52445296013255, 52445299952779
52445302505684, 52445304378256, 52445307031711
52445310208634, 52445312234613, 52445314708028
52445319222497, 52445320985327, 52445324400905
52445327084909, 52445332071063, 52445336355633
52445339412296, 52445342184951, 52445348651847
52445353404133, 52445361337328, 52445364307297
52445367215348, 52445373703247, 52445376320735
52445379888327, 52445381529551, 52445385521947
52445388420286, 52445390227011, 52445393417473
52445395901712, 52445397587219, 52445401578687
52445404275769, 52445408340581, 52445411703901
52445414789132, 52445417432871, 52445420118002
52445422819553, 52445425718445, 52445428760553
52445431921748, 52445434141587, 52445436853878
52445439690790, 52445442091422, 52445445155680
52445448011885, 52445451472525, 52445454071813
52445459132551, 52445460878480, 52445463642525
52445467528179, 52445469258201, 52445471817325
52445475395274, 52445478265375, 52445482492625
52445485737934, 52445487619687, 52445491050468
52445493798678, 52445497953899, 52445501126698
52445503932944, 52445505731168, 52445509218863
52445512176324, 52445514332951, 52445517100705
52445519953306, 52445522368297, 52445525660043
52445528402010, 52445529978879, 52445532661309
52445536216875, 52445538110455, 52445542224453
52445545388575, 52445547414323, 52445551981489
52445554904150, 52445557721675, 52445560397593
52445563972897, 52445566952328, 52445569843649
52445573728191, 52445576637173, 52445579815383
52445583067475, 52445585684226, 52445589196637
52445592673314, 52445594832541, 52445598207559
52445600767147, 52445602558142, 52445606197930
52445609030554, 52445610820225, 52445614223126
52445616804297, 52445618627511, 52445623493186
52445625937547, 52445628659812, 52445631304492
52445634761146, 52445636590696, 52445639600524
52445642973583, 52445645963271, 52445648417010
52445652576762, 52445654542685, 52445657107210
52445659897809, 52445662797903, 52445665814240
52445668386639, 52445670840181, 52445673661121
52445676050669, 52445678535986, 52445681712054
52445684436278, 52445686321658, 52445690590778
52445693534161, 52445695593445, 52445701518963
52445705159156, 52445707154013, 52445709759473
52445712484502, 52445715532437, 52445718058533
52445720993757, 52445723537851, 52445726572875
52445730267270, 52445731949032, 52445735512069
52445738299931, 52445739907535, 52445742406376
52445746370315, 52445748124967, 52445753791633
52445757015481, 52445759068445, 52445762727972
52445766492914, 52445768255122, 52445771066661
52445774664854, 52445776376209, 52445779192962
52445782608507, 52445784541240, 52445787172508
52445790501799, 52445792283487, 52445794653847
52445797909090, 52445800498236, 52445803956669
52445806603048, 52445808283002, 52445811399265
52445814606090, 52445816463206, 52445819155703
52445822987674, 52445825008450, 52445829887892
52445833460123, 52445835443855, 52445839027900
52445842469339, 52445844245863, 52445846728263
52445851398748, 52445853698202, 52445856916606
52445860050961, 52445862174161, 52445864701901
52445868284244, 52445869981985, 52445872804943
52445875988088, 52445878152492, 52445881674920
52445884149516, 52445887512868, 52445891215017
52445895212458, 52445897696582, 52445901695651
52445905328622, 52445907203021, 52445909828260
52445912571777, 52445914365531, 52445918456949
52445920798188, 52445922557537, 52445926308812
52445929243527, 52445931501455, 52445935076228
52445937690840, 52445939532086, 52445942213103
52445945611318, 52445947432212, 52445950205819
52445954268769, 52445957188388, 52445959868266
52445962279393, 52445964110353, 52445969314892
52445972053532, 52445977221865, 52445980245662
52445983822552, 52445986163956, 52445988712239
52445991429000, 52445994007459, 52445996991796
52446000347129, 52446002957694, 52446006092020
52446009133756, 52446010885463, 52446013455568
52446017556167, 52446019553158, 52446023194428
52446026705547, 52446028567924, 52446031167025
52446034865802, 52446036505604, 52446039112417
52446042471463, 52446046356831, 52446048894692
52446052212886, 52446060356500, 52446065029189
52446068585911, 52446072422502, 52446076013607
52446079299344, 52446082337017, 52446085357822
52446087902465, 52446090644022, 52446093022130
52446095555720, 52446098744627, 52446102779419
52446106320590, 52446108117628, 52446111490827
52446113738205, 52446115648838, 52446119090552
52446121324950, 52446123232714, 52446130282682
52446133145297, 52446135754422, 52446138455234
52446140996296, 52446142780020, 52446146561520
52446149098773, 52446151746259, 52446155657647
52446158602670, 52446161590350, 52446164378977
52446167336363, 52446169003017, 52446172372177
52446176025995, 52446178071120, 52446180549166
52446184125946, 52446185722668, 52446189177744
52446191945474, 52446194153562, 52446198628906
52446201300280, 52446203961211, 52446206809758
52446210190377, 52446212001810, 52446214463840
52446217758416, 52446219570596, 52446222898229
52446225646472, 52446227553494, 52446231293035
52446234154274, 52446236758882, 52446239443666
52446241781762, 52446243621131, 52446248118249
52446250593997, 52446252987808, 52446256529868
52446259553028, 52446262345319, 52446266818428
52446269964248, 52446271632748, 52446275561659
52446278016234, 52446279842915, 52446283307678
52446286664248, 52446288318816, 52446290957026
52446293517411, 52446295831224, 52446299617986
52446301828635, 52446303656755, 52446307770637
52446310370701, 52446312431224, 52446315281774
52446318819713, 52446320469355, 52446323986820
52446326304150, 52446328158511, 52446332956517
52446335665329, 52446337355290, 52446340806437
52446343553793, 52446345589512, 52446348962256
52446351466461, 52446353191505, 52446356021622
52446359090470, 52446360761868, 52446364656117
52446367366512, 52446368890176, 52446371845185
52446375918848, 52446379341265, 52446382806069
52446386299554, 52446388111840, 52446391729908
52446394498264, 52446397071797, 52446400874469
52446403892365, 52446406348894, 52446408973834
52446411993007, 52446414747136, 52446419071369
52446422154910, 52446424812907, 52446428629832
52446432598095, 52446434841534, 52446437584524
52446440192158, 52446443304655, 52446445835948
52446449694154, 52446452874162, 52446459895939
52446467177887, 52446469070311, 52446471863192
52446478186665, 52446480123956, 52446484924006
52446488753849, 52446490750467, 52446493571355
52446497381879, 52446500042917, 52446502707449
52446506274714, 52446508109796, 52446511787190
52446515158998, 52446518041757, 52446520423915
52446524737383, 52446526588367, 52446529312104
52446532843211, 52446534678007, 52446537882791
52446541119621, 52446543137715, 52446545767070
52446548905549, 52446550566443, 52446555464049
52446558335939, 52446560346748, 52446563251784
52446567197824, 52446569044697, 52446571626289
52446574871388, 52446577487335, 52446580411214
52446583829990, 52446585563307, 52446588205168
52446591502754, 52446593181086, 52446595720491
52446599358590, 52446601541714, 52446604393093
52446606852707, 52446609044711, 52446611729961
52446615318072, 52446616872118, 52446621462606
52446624551875, 52446626881929, 52446630831495
52446633281994, 52446635897601, 52446638108769
52446641463587, 52446643186739, 52446645845889
52446649393793, 52446651329035, 52446655575567
52446658083634, 52446660598267, 52446663399186
52446666438520, 52446669239782, 52446671975535
52446674364251, 52446676741987, 52446679864569
52446682399556, 52446684226642, 52446687834319
52446689991814, 52446695121683, 52446697821691
52446701690980, 52446704137079, 52446708062802
52446712068759, 52446714489625, 52446718323655
52446721148053, 52446723698526, 52446726533025
52446730311992, 52446732226038, 52446735921691
52446738491715, 52446740907507, 52446743591776
52446747065965, 52446748695340, 52446751397495
52446754743404, 52446756416506, 52446758925355
52446762731647, 52446766572326, 52446769984071
52446772483542, 52446775129240, 52446777936342
52446781111512, 52446783117961, 52446785530953
52446788914857, 52446790750204, 52446794155984
52446796792932, 52446798550812, 52446802216719
52446805459160, 52446807324055, 52446809686918
52446812116085, 52446814832454, 52446818941227
52446821320970, 52446824114241, 52446826802335
52446829297580, 52446830988348, 52446835655159
52446839306304, 52446840861332, 52446843552836
52446846919363, 52446848549170, 52446851198508
52446854908592, 52446857115553, 52446859646575
52446862736558, 52446865482606, 52446868494571
52446872019239, 52446873573676, 52446876127093
52446879368699, 52446882149393, 52446885016192
52446887712433, 52446890095907, 52446892398963
52446894908802, 52446897417838, 52446900993745
52446904469862, 52446906877905, 52446909224564
52446912495572, 52446914986896, 52446917328253
52446920761282, 52446923173745, 52446925744311
52446928217906, 52446930936947, 52446933785347
52446936928195, 52446939152326, 52446941982189
52446944995797, 52446946777836, 52446950533223
52446953238945, 52446955666131, 52446958473053
52446960671494, 52446962447136, 52446967275359
52446970864145, 52446972922180, 52446977315831
52446980961880, 52446984002180, 52446987492919
52446991040732, 52446992648433, 52446995853022
52446999431181, 52447002115177, 52447004470880
52447007131989, 52447009643553, 52447012428499
52447015855901, 52447017774957, 52447021580565
52447024378013, 52447026511261, 52447029175036
52447031965209, 52447034507483, 52447038443174
52447041562974, 52447043368280, 52447045871392
52447049717641, 52447051506801, 52447053824802
52447057085738, 52447058887374, 52447061551376
52447065057142, 52447072402085, 52447075608301
52447079630638, 52447083997347, 52447088209816
52447091954190, 52447093653848, 52447097152993
52447101595988, 52447103529318, 52447105947007
52447109433182, 52447111516620, 52447115364220
52447118276810, 52447120109012, 52447124660083
52447128243460, 52447129956623, 52447132742131
52447136241858, 52447138494508, 52447140866383
52447144626379, 52447146536165, 52447148907280
52447151661481, 52447154355497, 52447157138091
52447160601869, 52447162790996, 52447166258925
52447168536902, 52447171245549, 52447174860691
52447177057863, 52447179130666, 52447184457615
52447187713944, 52447189190089, 52447192947485
52447197044276, 52447199241843, 52447202588631
52447205102584, 52447206860989, 52447209880300
52447212441407, 52447214608182, 52447218120656
52447220425795, 52447222203713, 52447225263850
52447227985177, 52447230754703, 52447233628538
52447236971516, 52447238773942, 52447242038406
52447245234318, 52447247000221, 52447250622414
52447254247143, 52447255958096, 52447258682613
52447261510383, 52447263446716, 52447267230039
52447269516069, 52447272127291, 52447274816039
52447277796451, 52447279596867, 52447283839734
52447286376802, 52447288880387, 52447291668394
52447293740861, 52447295602686, 52447299124723
52447301359403, 52447304299529, 52447306877312
52447308928250, 52447311430036, 52447314434292
52447319243927, 52447321053841, 52447324223894
52447326791285, 52447328644103, 52447331189307
52447334000815, 52447335840290, 52447339996307
52447342177987, 52447344612581, 52447347032101
52447350650602, 52447352388341, 52447354681846
52447358420683, 52447360397694, 52447363297706
52447365968000, 52447368420357, 52447370946507
52447374394405, 52447376453149, 52447379035546
52447384335702, 52447387491842, 52447390461382
52447395522413, 52447398889698, 52447401399805
52447408646144, 52447412869145, 52447415746529
52447420450095, 52447422219095, 52447428378215
52447431499710, 52447434133048, 52447437392213
52447440330520, 52447444494031, 52447447377149
52447451719515, 52447453601331, 52447456849009
52447461754010, 52447466211441, 52447468733153
52447472516394, 52447477950155, 52447482454916
52447486818679, 52447488725903, 52447492658404
52447497005883, 52447500238071, 52447504105528
52447508332248, 52447510071223, 52447514784799
52447517599597, 52447520366221, 52447525088398
52447527951487, 52447530807981, 52447534338079
52447537280127, 52447541318193, 52447544365173
52447546942018, 52447550721264, 52447553298376
52447557862470, 52447560368140, 52447565159236
52447568731065, 52447571589048, 52447574740581
52447577814416, 52447580217999, 52447583712309
52447588848427, 52447591250112, 52447596672041
52447600693658, 52447602903841, 52447606581059
52447609710674, 52447611467377, 52447613976339
52447616749001, 52447618861508, 52447621410218
52447624782933, 52447626476949, 52447630119617
52447633325707, 52447634955821, 52447638334634
52447642333983, 52447644359718, 52447646758107
52447650970378, 52447652631445, 52447655195677
52447658750394, 52447660493875, 52447662765784
52447666300769, 52447668448902, 52447671182265
52447673539593, 52447675376374, 52447679363850
52447681853475, 52447683720357, 52447688515077
52447691789778, 52447694609952, 52447697218764
52447699727022, 52447702257871, 52447705823428
52447708894206, 52447711015350, 52447714965981
52447717470971, 52447719230980, 52447721659022
52447725573188, 52447728442716, 52447731562640
52447734217880, 52447736096442, 52447738706222
52447742375867, 52447744255553, 52447747840005
52447749907066, 52447751738456, 52447754936559
52447757647106, 52447759368901, 52447761951424
52447764428271, 52447767025239, 52447771279255
52447773988400, 52447775826476, 52447779590367
52447782382768, 52447784727408, 52447788754162
52447791386049, 52447793145248, 52447796381031
52447799188174, 52447801758924, 52447804575226
52447807784393, 52447810727749, 52447813380688
52447816107165, 52447817889474, 52447820652874
52447823476999, 52447825398809, 52447829005522
52447831574834, 52447833444701, 52447837251168
52447840055884, 52447841847765, 52447848083150
52447850839033, 52447852459447, 52447856104569
52447859382978, 52447862343153, 52447865433940
52447867805149, 52447869458148, 52447871906506
52447875879085, 52447877686332, 52447880275768
52447883289512, 52447885278637, 52447889275008
52447891707390, 52447893336364, 52447897060933
52447899476973, 52447900793484, 52447905686226
52447908370172, 52447910343447, 52447914868575
52447917572176, 52447919418634, 52447923210904
52447926676467, 52447928707816, 52447931240229
52447934409262, 52447936335623, 52447939824113
52447942519112, 52447945010002, 52447948003376
52447950932786, 52447953503886, 52447956610427
52447959490678, 52447961732444, 52447964763678
52447967402909, 52447969175320, 52447973309682
52447975881514, 52447980124489, 52447982589251
52447986449222, 52447988865711, 52447991547589
52447994036037, 52447996455251, 52448001155293
52448003821626, 52448005466083, 52448007943539
52448011232418, 52448013041310, 52448015746200
52448018549404, 52448020945356, 52448023907985
52448026628014, 52448028883570, 52448032157329
52448035040119, 52448036687872, 52448039831701
52448043805384, 52448047801790, 52448050481129
52448053179112, 52448055033320, 52448059062221
52448061636528, 52448063431077, 52448065878672
52448069750572, 52448071562173, 52448075292438
52448078534641, 52448087360357, 52448091197521
52448094774004, 52448098541732, 52448101306686
52448104133694, 52448107028335, 52448109320398
52448112631820, 52448115302897, 52448117951512
52448120492521, 52448122314297, 52448127478471
52448132326026, 52448134954911, 52448138684230
52448141231352, 52448143889897, 52448146694671
52448149896599, 52448151892935, 52448155432008
52448157706951, 52448159825113, 52448162623767
52448166491195, 52448168517414, 52448171043680
52448173519357, 52448175343929, 52448177926256
52448181322578, 52448183833525, 52448186444473
52448190594365, 52448192447884, 52448196040884
52448199827716, 52448201655118, 52448204301290
52448207468640, 52448209162265, 52448213250819
52448215823734, 52448217648217, 52448220279489
52448222925081, 52448225673715, 52448228270915
52448231202559, 52448232963505, 52448235660374
52448239304469, 52448241098084, 52448245012537
52448247572429, 52448249988807, 52448252203190
52448254805399, 52448257252624, 52448260741146
52448265707127, 52448268218794, 52448272054126
52448275324312, 52448276849787, 52448280905548
52448283301101, 52448284882908, 52448287405065
52448291278488, 52448293115624, 52448295790649
52448298661172, 52448301356891, 52448303804137
52448306145978, 52448307908912, 52448310964203
52448313933509, 52448315814140, 52448319388187
52448322542006, 52448325030438, 52448328344619
52448331878804, 52448333475303, 52448337125243
52448339769970, 52448342792444, 52448345589503
52448348175583, 52448350677659, 52448354159410
52448356947769, 52448358607911, 52448361433557
52448364603181, 52448366591953, 52448369178734
52448371786372, 52448373946387, 52448376325765
52448379579151, 52448381835102, 52448385234188
52448387774884, 52448389614296, 52448397222424
52448399975323, 52448402326405, 52448404711083
52448409035720, 52448410895136, 52448414261353
52448416812736, 52448418591349, 52448421909387
52448424456249, 52448426482041, 52448429967324
52448432841146, 52448434624623, 52448437798940
52448440216905, 52448442277152, 52448447455612
52448450795389, 52448452609333, 52448455138612
52448458217241, 52448460703813, 52448464803119
52448467665361, 52448470311301, 52448472920700
52448475875569, 52448479227317, 52448483174910
52448486479838, 52448488364109, 52448490870652
52448495264676, 52448498410903, 52448501152822
52448504476462, 52448506267894, 52448509575548
52448511753091, 52448514823467, 52448517502410
52448520230963, 52448522279053, 52448525721665
52448528218484, 52448529888544, 52448534946903
52448537516053, 52448539260058, 52448542720030
52448546582649, 52448548697425, 52448551650326
52448554440416, 52448556084993, 52448559285661
52448561906029, 52448564046622, 52448567473133
52448570391385, 52448572058522, 52448575428138
52448580987519, 52448582632706, 52448586182865
52448588616737, 52448591525157, 52448594137389
52448598374398, 52448600224547, 52448604374337
52448608057226, 52448609608266, 52448613882512
52448617643418, 52448619605358, 52448622929342
52448627053892, 52448629800821, 52448632396608
52448635999876, 52448637813672, 52448642959464
52448646939369, 52448649414557, 52448655957389
52448660400284, 52448662933029, 52448669221642
52448673226940, 52448675538323, 52448678307852
52448682515456, 52448684663486, 52448687813874
52448691821124, 52448693572837, 52448696401005
52448700513017, 52448703085273, 52448705707208
52448708813696, 52448710835061, 52448713782185
52448716278435, 52448717804007, 52448720828559
52448724304432, 52448726373353, 52448729039323
52448731844868, 52448734576979, 52448737267447
52448739687845, 52448742148238, 52448744564546
52448748414308, 52448750117071, 52448753248333
52448755734163, 52448759662021, 52448762496771
52448765992204, 52448768000973, 52448770686440
52448772950981, 52448774820107, 52448778257425
52448780869061, 52448782859482, 52448786299541
52448789526802, 52448791358522, 52448794095427
52448796362411, 52448799550191, 52448802336766
52448804828729, 52448807595318, 52448810004427
52448812766082, 52448814591319, 52448819102633
52448821510546, 52448823410661, 52448828361527
52448831087198, 52448832868818, 52448835160175
52448838848234, 52448840466437, 52448843835214
52448846520825, 52448848340798, 52448850901094
52448854458217, 52448856263394, 52448859126213
52448862440931, 52448864409712, 52448868002670
52448870374012, 52448872110594, 52448875566270
52448878153657, 52448880206910, 52448882683139
52448885759829, 52448887842974, 52448891175569
52448894807099, 52448896796555, 52448900234747
52448902538765, 52448905243826, 52448908849103
52448911884311, 52448913824991, 52448917243112
52448920018464, 52448922049901, 52448925434240
52448927948625, 52448929680000, 52448932095040
52448934842294, 52448937685408, 52448940149986
52448942593694, 52448945276355, 52448947848835
52448950497524, 52448952891950, 52448956727147
52448959681982, 52448961273576, 52448964935264
52448967183301, 52448969086307, 52448971728691
52448975330491, 52448977105588, 52448980935812
52448983893107, 52448987469190, 52448993085055
52448995761399, 52448998810096, 52449002878040
52449005690998, 52449007609464, 52449010913458
52449014649626, 52449016293130, 52449018805798
52449021260225, 52449023020122, 52449027499836
52449030984126, 52449032991259, 52449035490438
52449037921481, 52449040367827, 52449043638502
52449046940209, 52449049084207, 52449052669136
52449055286289, 52449057251556, 52449060280212
52449063276315, 52449064789923, 52449068632093
52449071026224, 52449072717607, 52449076246394
52449078902617, 52449081732781, 52449084264464
52449087498741, 52449089023426, 52449093711709
52449103766754, 52449107212304, 52449110911757
52449115153688, 52449118007438, 52449120795911
52449124094159, 52449126627730, 52449130285512
52449133411515, 52449135238348, 52449137697716
52449139947833, 52449142186257, 52449145660499
52449148326460, 52449150978740, 52449153521984
52449156676519, 52449158388941, 52449162013805
52449164347794, 52449166132349, 52449170233642
52449173711717, 52449175631371, 52449179538737
52449182556071, 52449184352581, 52449186968707
52449189314902, 52449191944464, 52449195523875
52449197791541, 52449199551352, 52449202978412
52449205759155, 52449207396488, 52449210628272
52449214686066, 52449216191345, 52449219916546
52449222257663, 52449224189788, 52449226829884
52449230700727, 52449232428811, 52449236370784
52449239164541, 52449241404611, 52449244090895
52449247423549, 52449249006223, 52449251999646
52449255148067, 52449257650301, 52449260865128
52449263742176, 52449265520912, 52449269401747
52449271884277, 52449274592132, 52449277127195
52449279971753, 52449281671210, 52449284304880
52449287725850, 52449289665787, 52449292003104
52449295158159, 52449297760482, 52449301421906
52449305050285, 52449306925662, 52449310079597
52449314016943, 52449316112520, 52449319027124
52449321380045, 52449323163227, 52449326338491
52449329500802, 52449331299188, 52449334426441
52449337049697, 52449338782591, 52449341397482
52449345252015, 52449347452225, 52449349969630
52449353611005, 52449355350373, 52449358042576
52449361041383, 52449363591549, 52449366102281
52449369218196, 52449372039903, 52449375294100
52449378575353, 52449380496345, 52449383107368
52449385883045, 52449388208358, 52449391374715
52449394099894, 52449396010641, 52449398550644
52449400913486, 52449404024648, 52449407669348
52449410942239, 52449413574591, 52449415835870
52449419483927, 52449421830631, 52449424289700
52449426964709, 52449429651846, 52449432234895
52449434838886, 52449436703318, 52449440293434
52449443612120, 52449445780803, 52449448735064
52449452004626, 52449454724639, 52449457743226
52449460432967, 52449462398572, 52449465894804
52449469465082, 52449471646514, 52449474847441
52449478045973, 52449482684987, 52449485492869
52449489488314, 52449492175120, 52449495874736
52449498906499, 52449502157770, 52449506359200
52449509520764, 52449511673531, 52449517183559
52449521127746, 52449523951045, 52449527543542
52449531716791, 52449533657911, 52449536882270
52449540322249, 52449542555099, 52449546048705
52449549261460, 52449551021275, 52449555138425
52449557474696, 52449559069923, 52449562710311
52449565672969, 52449567602627, 52449571041688
52449573887990, 52449575729494, 52449579352891
52449582479392, 52449585176496, 52449588735206
52449591639982, 52449594065657, 52449597205321
52449599829285, 52449601759989, 52449604311247
52449608070461, 52449609835764, 52449613250813
52449615986242, 52449618480018, 52449621108836
52449623888944, 52449626359736, 52449628852672
52449631542575, 52449633196611, 52449635627208
52449639088546, 52449640892451, 52449643192579
52449646542772, 52449649322961, 52449652618995
52449656259693, 52449658067848, 52449661763639
52449665328737, 52449667284897, 52449669872926
52449673323274, 52449675193621, 52449678624916
52449681421589, 52449683451770, 52449686864206
52449689257164, 52449691056671, 52449693632977
52449696653115, 52449699353085, 52449701837897
52449704342923, 52449707713745, 52449710894930
52449713444821, 52449715303313, 52449719704512
52449723110042, 52449725636666, 52449728748787
52449731845250, 52449733798936, 52449736108134
52449738523124, 52449740200803, 52449743410303
52449746386267, 52449748487363, 52449751898362
52449754138674, 52449756537148, 52449759603094
52449762992618, 52449764716401, 52449767281981
52449770252042, 52449772111960, 52449775120592
52449778510532, 52449780353169, 52449784014843
52449786668507, 52449789267540, 52449791757555
52449794319639, 52449796304965, 52449799741152
52449801994657, 52449804399335, 52449807429468
52449810679267, 52449812534445, 52449815070991
52449819065691, 52449821713955, 52449824115268
52449826798297, 52449829643386, 52449832285819
52449834852988, 52449836523948, 52449839135323
52449842525613, 52449844488061, 52449848178410
52449851008772, 52449852828603, 52449856599742
52449858962004, 52449861695508, 52449864342239
52449868131399, 52449871296479, 52449874482986
52449877345302, 52449879705135, 52449882139497
52449884721887, 52449886537341, 52449889788124
52449892346330, 52449894167046, 52449896822706
52449900350585, 52449902633620, 52449904935400
52449908422979, 52449910241338, 52449915177019
52449917668637, 52449920138156, 52449922498228
52449926568324, 52449929451466, 52449932037277
52449934223976, 52449936119891, 52449938666439
52449942170412, 52449944353078, 52449946869988
52449950372466, 52449952591316, 52449955154097
52449957972047, 52449960199265, 52449963454097
52449966849878, 52449968677230, 52449971058858
52449974293708, 52449976208487, 52449979495206
52449984149157, 52449987733464, 52449990189695
52449993296411, 52449995811658, 52449998329562
52450001870214, 52450003674297, 52450006007822
52450009696728, 52450012053310, 52450014685525
52450018150087, 52450019802286, 52450023015482
52450025735528, 52450028944928, 52450031711722
52450034074839, 52450035834800, 52450038119077
52450041481864, 52450043195252, 52450045744152
52450049144848, 52450051670961, 52450054479348
52450058070366, 52450059895214, 52450064137043
52450066379790, 52450068082602, 52450071220806
52450074235716, 52450076075904, 52450079770682
52450083508094, 52450086039053, 52450088341665
52450091128913, 52450092674450, 52450095604539
52450099179973, 52450100942860, 52450103431285
52450106873380, 52450109156229, 52450117929637
52450121152861, 52450124788694, 52450130529674
52450134275259, 52450136056736, 52450138737763
52450141987668, 52450143800961, 52450146249467
52450149763512, 52450151573621, 52450154873692
52450157382623, 52450159404186, 52450162745635
52450164946164, 52450167958764, 52450170302504
52450174088054, 52450175644173, 52450179767542
52450182077598, 52450184676046, 52450187267969
52450190360407, 52450192140296, 52450195832722
52450198676022, 52450201286046, 52450203873253
52450207055504, 52450208584803, 52450211447465
52450214818706, 52450217771328, 52450220332902
52450222954628, 52450225630639, 52450228520380
52450231171108, 52450233696353, 52450236215726
52450238703799, 52450240417828, 52450243697783
52450246610241, 52450248342449, 52450250830661
52450253367232, 52450255184572, 52450259481705
52450263440625, 52450265067376, 52450268905303
52450272046058, 52450274247274, 52450276865085
52450280386716, 52450282267713, 52450285697034
52450288348604, 52450290303334, 52450293348918
52450296427315, 52450298326383, 52450301623474
52450304198720, 52450306868905, 52450309212441
52450312035942, 52450314831472, 52450318632270
52450322084623, 52450323996769, 52450328012343
52450331015439, 52450333844881, 52450336220754
52450338679650, 52450340416425, 52450343120105
52450346830407, 52450348409322, 52450350906246
52450354300223, 52450356155174, 52450359465897
52450363028673, 52450364713480, 52450367914767
52450370456529, 52450372656292, 52450375449572
52450379002098, 52450381370079, 52450385458278
52450388425429, 52450390445850, 52450394009514
52450397939153, 52450399740698, 52450402086868
52450405343344, 52450407296753, 52450409896374
52450413561266, 52450415389238, 52450419050267
52450421629417, 52450423642634, 52450427373282
52450429635616, 52450431486205, 52450435142590
52450437522264, 52450439377098, 52450442792001
52450445110589, 52450447058482, 52450450380921
52450452768495, 52450454633225, 52450459040530
52450462488019, 52450464723053, 52450467545952
52450470177933, 52450471937741, 52450475510254
52450479055261, 52450482137085, 52450485232956
52450488600724, 52450490652387, 52450492955075
52450495875518, 52450498710017, 52450500940277
52450503699641, 52450506447053, 52450509562385
52450512584557, 52450514683747, 52450518040826
52450520926198, 52450522680624, 52450527278443
52450530845516, 52450532466328, 52450535633212
52450538239912, 52450540128284, 52450543536070
52450546309884, 52450548477674, 52450551167645
52450553137165, 52450554935482, 52450558582503
52450561763169, 52450563535877, 52450565924586
52450569032734, 52450571076166, 52450574835442
52450577024014, 52450578880858, 52450582800516
52450586504125, 52450588349094, 52450590724632
52450595111797, 52450597882587, 52450600393099
52450603157494, 52450605510769, 52450607859271
52450610969672, 52450612632909, 52450615975436
52450619884137, 52450621786667, 52450625201555
52450627803757, 52450630354261, 52450632714909
52450635410202, 52450638052979, 52450640244096
52450643908420, 52450646166775, 52450648817434
52450651314869, 52450653741317, 52450656171519
52450659294481, 52450662316822, 52450666216809
52450668671254, 52450671198791, 52450674824891
52450677240592, 52450679137463, 52450682138354
52450685697942, 52450687547789, 52450691156467
52450693432576, 52450695254874, 52450698589167
52450701090439, 52450703087265, 52450706203813
52450708943433, 52450710726223, 52450712977032
52450716359881, 52450718323020, 52450722391016
52450726170640, 52450728696117, 52450732873609
52450735891916, 52450738003460, 52450741255586
52450744342218, 52450746232935, 52450748869002
52450751680945, 52450753572724, 52450756723411
