5992410051009, 5992531103381, 5992533196105
5992986543909, 5992995323603, 5993003511060
5993093296075, 5993103417177, 5993103762463
5993186178574, 5993191842470, 5993200506362
5993283949813, 5993291818565, 5993293013440
5993330728331, 5993350572036, 5993350873584
5993404630248, 5993410622273, 5993410853709
5993457155496, 5993463884323, 5993464131446
5993495440068, 5993502113979, 5993503121284
5993542269364, 5993558554335, 5993558825974
5993605899988, 5993614566940, 5993614854457
5993649649519, 5993660753904, 5993661001393
5993698573281, 5993705815924, 5993706074416
5993739888590, 5993744187793, 5993750140417
5993815723528, 5993823889504, 5993824097123
5993854754875, 5993864058360, 5993864322235
5993897796772, 5993907645915, 5993908219078
5993947246762, 5993955736713, 5993955982633
5994003730781, 5994011452205, 5994011699787
5994041717582, 5994047860344, 5994048099613
5994081079336, 5994093803623, 5994094152816
5994122616361, 5994130436731, 5994130701434
5994170449764, 5994179074900, 5994179354824
5994224405594, 5994235765618, 5994236960510
5994270789076, 5994277962739, 5994278181916
5994312564231, 5994319134705, 5994319405247
5994344853730, 5994352641203, 5994352878433
5994383429646, 5994389466468, 5994389726385
5994438606792, 5994446127116, 5994446361158
5994475287719, 5994480874639, 5994481083491
5994523774984, 5994530644626, 5994530871462
5994563977935, 5994573411367, 5994573690469
5994608624741, 5994623349994, 5994623624778
5994667465811, 5994674562971, 5994674801951
5994708297305, 5994717036544, 5994717283961
5994761362323, 5994768508364, 5994769086682
5994804199190, 5994809760541, 5994809942121
5994852242683, 5994859592098, 5994859801420
5994886107797, 5994891088413, 5994891285552
5994919294260, 5994927672700, 5994927925163
5994962784881, 5994969742961, 5994970000114
5994998365899, 5995005536018, 5995005796934
5995032320056, 5995039955307, 5995040225954
5995087903372, 5995094251810, 5995094463628
5995122604875, 5995127918841, 5995128093928
5995167677887, 5995175175117, 5995176758051
5995207937312, 5995214712149, 5995214937375
5995245320287, 5995262551110, 5995262931311
5995307048560, 5995314074699, 5995314268911
5995344087801, 5995352454632, 5995352740105
5995385542571, 5995392821413, 5995393034917
5995419977256, 5995426372402, 5995426551613
5995457991822, 5995464082323, 5995464276481
5995517849378, 5995523521319, 5995523789244
5995559624556, 5995566199925, 5995566424084
5995595763229, 5995608449929, 5995608745236
5995634687469, 5995639168668, 5995639411134
5995674845001, 5995685158553, 5995685524261
5995729363802, 5995734902910, 5995735153145
5995766913850, 5995774126434, 5995774333862
5995819028932, 5995826205218, 5995826415209
5995866698282, 5995874186157, 5995874436605
5995918970481, 5995926626981, 5995926887503
5995955816394, 5995965151160, 5995965455255
5995991646269, 5995998305283, 5995998511087
5996033162721, 5996040399067, 5996040641780
5996077378745, 5996083683343, 5996083882270
5996120544118, 5996132801574, 5996133055402
5996162943466, 5996173615535, 5996173886343
5996213881301, 5996220707849, 5996221019111
5996260169249, 5996267185508, 5996267399519
5996294587719, 5996303518599, 5996303764291
5996348861700, 5996357653874, 5996358109102
5996386130042, 5996390513899, 5996390714131
5996418928308, 5996423373653, 5996423574376
5996465117372, 5996472478972, 5996472479023
5996497196512, 5996505839725, 5996506075912
5996533274655, 5996546292289, 5996546610114
5996588397257, 5996594270990, 5996594462879
5996622084807, 5996629264240, 5996629467543
5996659913503, 5996671678729, 5996671874818
5996700568793, 5996707771432, 5996707981525
5996734430541, 5996744616017, 5996744875102
5996792596129, 5996798391048, 5996798701259
5996829493314, 5996836545421, 5996836779592
5996864386202, 5996870890602, 5996871133968
5996905538166, 5996912151016, 5996912342188
5996937619254, 5996942905353, 5996943105436
5996984590994, 5996997260379, 5996997538726
5997026459842, 5997034535043, 5997034815213
5997063705310, 5997070635665, 5997070874274
5997103937357, 5997110008970, 5997110215746
5997135511281, 5997143735989, 5997143972872
5997177557156, 5997183262776, 5997183510986
5997239714165, 5997245602907, 5997245878576
5997283963157, 5997290694783, 5997290914843
5997334844868, 5997341175702, 5997341406627
5997370894327, 5997378047643, 5997378248992
5997423176101, 5997431427128, 5997431666108
5997465166631, 5997471890739, 5997472140404
5997498667733, 5997507041810, 5997507269475
5997537335494, 5997543592440, 5997543810995
5997573795918, 5997580172401, 5997580213119
5997605144995, 5997611292899, 5997611496979
5997655162439, 5997660142185, 5997660913878
5997686857127, 5997693457125, 5997693654014
5997718403856, 5997724772683, 5997724965046
5997760518999, 5997765879696, 5997766115981
5997793664880, 5997802936879, 5997803174403
5997833699224, 5997842900014, 5997843144230
5997875404129, 5997882894673, 5997883108037
5997909807977, 5997914847868, 5997915018540
5997948362911, 5997955594956, 5997955797544
5997982886167, 5997990284475, 5997990495558
5998013550601, 5998019092774, 5998019286142
5998064374438, 5998070522042, 5998070769445
5998098885278, 5998107872819, 5998108099324
5998132238839, 5998136428917, 5998138371209
5998174279714, 5998179824444, 5998180848144
5998204510023, 5998210575023, 5998210782139
5998239214295, 5998246335315, 5998246540194
5998294504596, 5998300796095, 5998301052125
5998326459462, 5998332518753, 5998333318830
5998361141172, 5998366587839, 5998366816155
5998397229034, 5998406055948, 5998406589286
5998435300708, 5998441962115, 5998442154018
5998480848922, 5998490749748, 5998491017347
5998521913484, 5998528416408, 5998528620022
5998555996613, 5998563633806, 5998563825350
5998590265134, 5998598339015, 5998598571476
5998633160323, 5998639735570, 5998639914511
5998679288759, 5998692709437, 5998692973370
5998727033319, 5998734014360, 5998734231070
5998762149286, 5998769106513, 5998769327614
5998795562840, 5998802304597, 5998802533867
5998835118532, 5998842043481, 5998842265008
5998871961002, 5998877098010, 5998878171442
5998906038484, 5998920675993, 5998920982611
5998965220087, 5998972867946, 5998973108207
5999002613532, 5999009338557, 5999009564351
5999032901084, 5999041677606, 5999041912392
5999073172107, 5999078659217, 5999078829245
5999107877376, 5999114054841, 5999114225447
5999155647305, 5999163805258, 5999165550350
5999261589788, 5999269021820, 5999269095024
5999297528131, 5999304324796, 5999307459158
5999339312710, 5999355227769, 5999355644979
5999397903196, 5999402990712, 5999403180664
5999428703035, 5999433977378, 5999434256216
5999461964149, 5999471348992, 5999471603049
5999502375242, 5999507994187, 5999508168597
5999537221113, 5999541499153, 5999541648968
5999580502837, 5999596608670, 5999596861423
5999625355897, 5999631362109, 5999631561001
5999658346352, 5999665400251, 5999665601086
5999693342011, 5999704403578, 5999704882391
5999730828795, 5999737499822, 5999737698070
5999765351092, 5999770835755, 5999772649505
5999815278357, 5999822850105, 5999823074034
5999847478823, 5999856333491, 5999856409403
5999880658238, 5999887257018, 5999887484383
5999921310422, 5999926051597, 5999926239169
5999954569514, 5999962439890, 5999962663122
5999988428827, 5999993620942, 5999993810552
6000038015071, 6000044576462, 6000044784639
6000076289522, 6000082117358, 6000082293740
6000107270230, 6000113605777, 6000113798431
6000157269253, 6000162936130, 6000163120408
6000189185092, 6000195699222, 6000195880122
6000232251243, 6000241062747, 6000241293236
6000275885660, 6000282318683, 6000282498775
6000310393909, 6000319149359, 6000319384369
6000341266382, 6000356106622, 6000356348989
6000392930089, 6000399072681, 6000399266701
6000429232874, 6000436958067, 6000437181074
6000482813077, 6000493644873, 6000493893138
6000524041550, 6000531079170, 6000531312831
6000558245890, 6000565845213, 6000566117682
6000604194416, 6000610536027, 6000610733439
6000634748979, 6000639563447, 6000639704978
6000678317519, 6000683991324, 6000684169747
6000736899385, 6000742919856, 6000743121807
6000770782718, 6000777213289, 6000777390816
6000803138388, 6000809502948, 6000809705538
6000843086553, 6000851822812, 6000852052447
6000876917323, 6000883115010, 6000883349531
6000921596937, 6000933913668, 6000934368458
6000965469888, 6000971524116, 6000971743539
6001011358115, 6001018049273, 6001018253296
6001046674775, 6001054942778, 6001055181513
6001085302352, 6001091459537, 6001091666621
6001125226544, 6001142136084, 6001142348584
6001178596576, 6001183651058, 6001186631949
6001215084292, 6001221949985, 6001222118340
6001252289713, 6001258964478, 6001259150265
6001282448514, 6001293167155, 6001293381440
6001317758251, 6001325289655, 6001325520752
6001373247745, 6001379907157, 6001381355201
6001407757230, 6001418888395, 6001419100666
6001443913925, 6001452052182, 6001452201288
6001483071210, 6001489821389, 6001489993093
6001518862470, 6001524873336, 6001525045411
6001560234635, 6001566128386, 6001566344797
6001600831912, 6001607016732, 6001607195821
6001633231230, 6001639898689, 6001640047319
6001671632112, 6001678138776, 6001678310496
6001709524476, 6001715063845, 6001715211545
6001741622231, 6001750964145, 6001751180487
6001776323783, 6001781842224, 6001781984950
6001825008025, 6001832036535, 6001832239659
6001863958768, 6001869925653, 6001870120437
6001894065364, 6001901142093, 6001901328855
6001929248063, 6001935940090, 6001936089645
6001963546439, 6001972814322, 6001974340159
6002001996396, 6002011829611, 6002012044015
6002057855050, 6002067324722, 6002067535451
6002090945201, 6002095526598, 6002095670679
6002121855013, 6002126447587, 6002126574621
6002157539385, 6002167304076, 6002167521172
6002192256224, 6002197901020, 6002198112701
6002230551163, 6002236254053, 6002237432851
6002274453330, 6002278942114, 6002279112157
6002305445327, 6002310758269, 6002310908538
6002338554709, 6002345848034, 6002346068806
6002381393053, 6002388994430, 6002389180092
6002413553781, 6002418137845, 6002418311093
6002455673003, 6002469561993, 6002469799883
6002499420718, 6002506346382, 6002506530632
6002532040333, 6002538683270, 6002538845007
6002565825948, 6002571892582, 6002572072515
6002610453815, 6002616185555, 6002616356187
6002642505526, 6002648046681, 6002651048368
6002691098962, 6002697614728, 6002697768142
6002726049733, 6002732038471, 6002732112619
6002758105491, 6002764184909, 6002764385788
6002794073592, 6002798913376, 6002799048137
6002828321756, 6002834589416, 6002834737462
6002861164758, 6002869339890, 6002869537246
6002919421104, 6002930956938, 6002931175401
6002957578493, 6002963010769, 6002963165095
6002987545586, 6002993626101, 6002993767304
6003028767595, 6003035033466, 6003035199975
6003061603451, 6003069317430, 6003069515424
6003094042419, 6003108548045, 6003108749975
6003147727393, 6003154191064, 6003154387747
6003182679652, 6003187456052, 6003187629424
6003216416693, 6003222020120, 6003222169162
6003257899902, 6003264703194, 6003264861007
6003291702404, 6003301616601, 6003301818727
6003332565794, 6003340843054, 6003341067063
6003393112746, 6003399639063, 6003399787750
6003426236304, 6003432336067, 6003433243698
6003459083081, 6003463962017, 6003464097943
6003500843396, 6003506916139, 6003507072884
6003532241391, 6003537812661, 6003537946118
6003574573249, 6003586757641, 6003586942027
6003623051966, 6003629419505, 6003629582382
6003661061825, 6003669955107, 6003670143143
6003700069496, 6003802658171, 6003802866550
6003831510587, 6003837765275, 6003837904636
6003862078886, 6003869467012, 6003869706148
6003892190739, 6003904333460, 6003904521271
6003929927565, 6003936461367, 6003937193973
6003966880845, 6003973849134, 6003974028326
6004008145947, 6004021060728, 6004021067369
6004044489107, 6004053679023, 6004053864386
6004079457943, 6004085347785, 6004085497486
6004112948033, 6004119263746, 6004119421039
6004149008895, 6004155933742, 6004157106662
6004189532942, 6004197747413, 6004197923460
6004236502250, 6004244193038, 6004244364978
6004275278479, 6004280968909, 6004281106879
6004305411806, 6004311031914, 6004311183350
6004335726719, 6004343172582, 6004343321862
6004383368161, 6004389681931, 6004389856750
6004419338214, 6004425798036, 6004425935971
6004465036727, 6004473355264, 6004473536723
6004496785133, 6004503010661, 6004503167873
6004526731103, 6004531366822, 6004531484260
6004556290323, 6004571665282, 6004572845117
6004598946803, 6004607009572, 6004607189661
6004629340819, 6004635278243, 6004635437209
6004674003648, 6004679734615, 6004686069061
6004710455995, 6004716318523, 6004716451190
6004746267857, 6004754123432, 6004754317435
6004778197778, 6004787587202, 6004787757765
6004839877487, 6004846597971, 6004846748913
6004889216710, 6004896132909, 6004896337988
6004925020353, 6004931811830, 6004931971395
6004962380937, 6004970307719, 6004970479994
6004994406242, 6004998969337, 6004999115248
6005024664630, 6005031098848, 6005031235823
6005059409008, 6005067377466, 6005067623759
6005101510108, 6005106985645, 6005107133828
6005132782589, 6005138730689, 6005138871262
6005182830797, 6005187704547, 6005187872855
6005220995412, 6005227980201, 6005228126438
6005250990122, 6005259293847, 6005259455236
6005285113994, 6005290987919, 6005292153328
6005319777215, 6005325148575, 6005325272248
6005357747750, 6005371511415, 6005371708821
6005418681450, 6005425713216, 6005425896400
6005451241908, 6005458018186, 6005458186250
6005483451765, 6005489007222, 6005489165430
6005513807949, 6005530043387, 6005530264335
6005556367629, 6005561539191, 6005561668998
6005588649506, 6005595775475, 6005595907724
6005628280267, 6005635078582, 6005635285141
6005667052079, 6005674215672, 6005674388118
6005704028861, 6005710812230, 6005710977733
6005734268540, 6005739035095, 6005739184693
6005771573010, 6005777946077, 6005778095540
6005801872013, 6005810064955, 6005810238228
6005843238971, 6005857782307, 6005857969505
6005884248090, 6005890437677, 6005890595361
6005915718369, 6005921431295, 6005921576903
6005944641213, 6005952207442, 6005952353374
6005986777238, 6005992147388, 6005993306426
6006019381776, 6006025495304, 6006025648971
6006061865347, 6006071619145, 6006071815383
6006102320745, 6006109627788, 6006109798084
6006136392560, 6006143077875, 6006143211979
6006167739266, 6006175844426, 6006176030022
6006205901949, 6006210998479, 6006211127432
6006235321446, 6006242147399, 6006242296180
6006274924652, 6006291431734, 6006291777136
6006320338669, 6006325810613, 6006325941989
6006351325253, 6006363215406, 6006363412304
6006421720341, 6006427100679, 6006427234792
6006480352688, 6006494108038, 6006496007161
6006548035805, 6006555995498, 6006556158527
6006605785442, 6006611230840, 6006611385888
6006662511895, 6006670347186, 6006670529517
6006719418470, 6006728532601, 6006728726907
6006777255997, 6006783723059, 6006783871723
6006813283771, 6006822474575, 6006822627581
6006847791647, 6006855864018, 6006856044749
6006880071754, 6006887300828, 6006887462115
6006931812946, 6006939603709, 6006939800179
6006967373736, 6006973763905, 6006973890076
6006997996134, 6007006839820, 6007007032346
6007029166075, 6007036189610, 6007036329746
6007073295076, 6007078994109, 6007079135406
6007109905653, 6007115984539, 6007116117900
6007146838032, 6007158044637, 6007158227643
6007189155708, 6007192969220, 6007195630878
6007220331892, 6007230761633, 6007231070183
6007256434845, 6007262888514, 6007263039308
6007294014170, 6007300010303, 6007300130051
6007325350839, 6007335176287, 6007335348928
6007369239909, 6007374440465, 6007374577896
6007415949570, 6007422284606, 6007422446153
6007446077472, 6007453075817, 6007453226014
6007478077683, 6007485053315, 6007485239339
6007516858378, 6007523677442, 6007523814970
6007552054061, 6007559218158, 6007559376048
6007593361689, 6007599534294, 6007599677640
6007629941265, 6007634927628, 6007635053892
6007660054306, 6007667041991, 6007667209580
6007696801760, 6007703732061, 6007703899293
6007733716371, 6007738957764, 6007739098835
6007763627979, 6007771460617, 6007771630633
6007795999724, 6007799843964, 6007799974925
6007851930193, 6007859640041, 6007859801587
6007883502079, 6007889980196, 6007890155633
6007915062024, 6007921487260, 6007921670441
6007948901443, 6007957854006, 6007958055495
6007983322657, 6007996654022, 6007996848400
6008020259946, 6008026394303, 6008026522050
6008059720989, 6008066860966, 6008067070577
6008097662840, 6008103120042, 6008103285457
6008127071809, 6008133388693, 6008133517947
6008163839666, 6008173530745, 6008173710677
6008202396750, 6008207554177, 6008207711187
6008233011674, 6008239686701, 6008239854057
6008294160705, 6008302401140, 6008302580428
6008333957890, 6008339055261, 6008339216041
6008365341403, 6008371594368, 6008371764574
6008395368431, 6008407355607, 6008407540031
6008436717854, 6008442877087, 6008443009670
6008475322907, 6008482359241, 6008482516081
6008533621621, 6008538958753, 6008539116653
6008570592537, 6008576071524, 6008577314990
6008606719261, 6008612599613, 6008612753979
6008644711567, 6008651045587, 6008651435275
6008674347257, 6008679953200, 6008680085496
6008709215635, 6008723025450, 6008723230237
6008758794452, 6008765215525, 6008765438477
6008790781248, 6008803150811, 6008803348772
6008833315512, 6008838778375, 6008838921820
6008864340955, 6008871386715, 6008871541542
6008894545883, 6008899176706, 6008899339232
6008945967991, 6008953375510, 6008953562122
6008988451673, 6008994032219, 6008994176923
6009019154192, 6009025593110, 6009025736021
6009053757940, 6009061999615, 6009062171577
6009083165676, 6009089555056, 6009089718930
6009119999048, 6009128224353, 6009128409302
6009179014143, 6009187324464, 6009187527834
6009220508749, 6009226329528, 6009226468581
6009251009781, 6009261573017, 6009261738744
6009292130469, 6009299033786, 6009299197311
6009323148533, 6009329537263, 6009329700780
6009364357641, 6009374879473, 6009375190744
6009403531366, 6009412016970, 6009412180070
6009446625365, 6009451998598, 6009452139992
6009477896757, 6009486099047, 6009486271625
6009513991797, 6009519183320, 6009519319136
6009542205110, 6009552159703, 6009552335272
6009584399274, 6009602931953, 6009603117818
6009629721591, 6009637848020, 6009638159281
6009661491028, 6009667017240, 6009667158584
6009692073513, 6009697972591, 6009698224001
6009728368883, 6009733864042, 6009733997926
6009765035394, 6009772803720, 6009772991451
6009807120728, 6009815836429, 6009816006206
6009846454349, 6009851610888, 6009851743592
6009879892494, 6009886796136, 6009887129515
6009918065032, 6009924233416, 6009924389869
6009954625452, 6009962142810, 6009962291827
6009987057621, 6009995288466, 6009995462896
6010026766722, 6010032995295, 6010033155038
6010164307159, 6010173474848, 6010173571303
6010198464052, 6010205752743, 6010205953370
6010230045864, 6010235059423, 6010235193594
6010275349433, 6010281757205, 6010281901664
6010307804216, 6010314568474, 6010314722678
6010338355869, 6010345084996, 6010345233112
6010377452850, 6010382436991, 6010382577323
6010431584838, 6010436967849, 6010437104849
6010483795357, 6010490573464, 6010490774507
6010518646270, 6010524181873, 6010524309687
6010546735536, 6010554683681, 6010554861410
6010585691236, 6010592228179, 6010592382841
6010616383983, 6010621936526, 6010622102641
6010650406296, 6010657771636, 6010657940840
6010706174918, 6010711079857, 6010711282501
6010735228662, 6010740304983, 6010742407869
6010765946195, 6010772452973, 6010772631943
6010800840749, 6010807759271, 6010808184390
6010831268894, 6010835766231, 6010835878140
6010864925653, 6010870305723, 6010870457188
6010918495809, 6010926189536, 6010926375689
6010967282200, 6010973884226, 6010974041214
6010998105063, 6011004129868, 6011004278836
6011032988959, 6011040048676, 6011040199846
6011064938330, 6011072345177, 6011072464656
6011094940463, 6011108787973, 6011108978721
6011142990613, 6011150127974, 6011150277010
6011177272585, 6011181537608, 6011181699022
6011216022720, 6011220126506, 6011222982731
6011256610430, 6011262110333, 6011262277874
6011285368340, 6011291404045, 6011291532771
6011323382662, 6011330127639, 6011330290185
6011370340962, 6011375100545, 6011375224208
6011400370044, 6011406134555, 6011406302140
6011432635227, 6011438888013, 6011439036263
6011482804905, 6011488866342, 6011489010471
6011513766111, 6011519778898, 6011519925970
6011551900649, 6011559239338, 6011559425077
6011591347228, 6011595608405, 6011595719302
6011623203329, 6011629357337, 6011629498898
6011655943836, 6011662719414, 6011662884787
6011694649856, 6011701396215, 6011701567899
6011732129742, 6011738361006, 6011738686522
6011775833636, 6011787780095, 6011788522288
6011814514190, 6011820753964, 6011820941284
6011846090653, 6011853213780, 6011853383907
6011879153436, 6011885774091, 6011885938355
6011916908561, 6011923263029, 6011923425676
6011946771229, 6011952162989, 6011952294302
6011978771310, 6012003854187, 6012004049432
6012030622087, 6012037805570, 6012037967207
6012062648893, 6012068382011, 6012068562848
6012092549607, 6012099128181, 6012099263490
6012127512067, 6012133141873, 6012133269434
6012158097510, 6012163014456, 6012163157910
6012190135440, 6012194989763, 6012195140026
6012235485778, 6012249541941, 6012249734691
6012274960962, 6012279394990, 6012279530869
6012305690690, 6012310926445, 6012311074334
6012340674402, 6012346155428, 6012346289836
6012370910316, 6012377136358, 6012377277376
6012401074832, 6012408050301, 6012408925796
6012444289741, 6012450313896, 6012450468175
6012486613390, 6012492872166, 6012493019861
6012523601012, 6012529895171, 6012530024754
6012556029176, 6012563177789, 6012563327521
6012595881996, 6012602204002, 6012602344688
6012627683199, 6012635371695, 6012635539663
6012669142058, 6012679224096, 6012680468010
6012705972985, 6012710992583, 6012711167396
6012736776370, 6012743607690, 6012743753920
6012776087685, 6012782184839, 6012782322077
6012812947283, 6012818728760, 6012818882168
6012842049639, 6012847129814, 6012847251369
6012873600972, 6012887358759, 6012887573070
6012921660433, 6012927678198, 6012927838984
6012952746202, 6012960068031, 6012960244816
6012983935954, 6012989484006, 6012989666292
6013040414770, 6013046522804, 6013046664375
6013076862826, 6013082754784, 6013082901160
6013122499372, 6013129676481, 6013129844284
6013156105348, 6013163067696, 6013163845652
6013188305885, 6013194966780, 6013195116810
6013220111328, 6013230641206, 6013230781502
6013256115479, 6013262685730, 6013262844522
6013294834367, 6013299353274, 6013299500557
6013342503018, 6013348141888, 6013348294534
6013374600149, 6013380143201, 6013380279738
6013405238802, 6013411002254, 6013411138969
6013439653326, 6013443225641, 6013443338065
6013471382683, 6013478425357, 6013478588755
6013510415036, 6013517075459, 6013517227142
6013565994203, 6013572829026, 6013572991761
6013596461317, 6013603403159, 6013603547552
6013626827491, 6013631165628, 6013631302171
6013659324464, 6013667132176, 6013667288852
6013698034324, 6013703784192, 6013703945514
6013728502623, 6013733845939, 6013733972837
6013768314980, 6013774764496, 6013774914377
6013813441338, 6013818888707, 6013819037873
6013846404094, 6013852447456, 6013852606450
6013879639155, 6013889595006, 6013889774054
6013916922917, 6013923538363, 6013923700165
6013950611699, 6013958681578, 6013958854558
6013991713095, 6014004550556, 6014004755799
6014028207778, 6014033366476, 6014033500188
6014068645763, 6014074570883, 6014074714443
6014099353171, 6014109938366, 6014110116544
6014134886258, 6014140939535, 6014141089818
6014165650367, 6014175172457, 6014175408398
6014220641585, 6014229277953, 6014229477940
6014256634112, 6014263327177, 6014263474012
6014287711516, 6014295090573, 6014295252046
6014333049820, 6014339145445, 6014339351776
6014365558222, 6014372037437, 6014372196115
6014397031689, 6014406459290, 6014406639614
6014449439951, 6014456862416, 6014457029785
6014483160109, 6014489946743, 6014490117997
6014520812351, 6014527604327, 6014527739972
6014559825349, 6014566232368, 6014566384323
6014590741699, 6014606404249, 6014606596800
6014630106339, 6014644274791, 6014644349956
6014678544226, 6014683797227, 6014683914400
6014711547266, 6014718382634, 6014718564928
6014744809729, 6014752351701, 6014752445018
6014782201870, 6014788072750, 6014789310848
6014814327686, 6014819220896, 6014819379311
6014847786256, 6014853472734, 6014853630585
6014906283485, 6014913244486, 6014913419875
6014937940851, 6014944844512, 6014944981182
6014969838063, 6014973665686, 6014973777407
6015006157246, 6015011574621, 6015011710799
6015037299535, 6015042793453, 6015042927446
6015069415046, 6015076245661, 6015076399966
6015118610883, 6015125207050, 6015125353860
6015160371197, 6015165475590, 6015165761343
6015191460742, 6015198169236, 6015198309610
6015227379212, 6015233656930, 6015233789267
6015260502360, 6015266372610, 6015266587163
6015292007936, 6015298786737, 6015298937466
6015337644859, 6015341908027, 6015342042852
6015369747085, 6015376637861, 6015376768005
6015408227937, 6015414131887, 6015414250385
6015441954588, 6015448541943, 6015448689695
6015478308446, 6015482923990, 6015483053388
6015508299675, 6015519737684, 6015519931457
6015562801319, 6015570675810, 6015570867289
6015593360828, 6015599064980, 6015599190975
6015623764081, 6015629451904, 6015629593702
6015668523524, 6015674362453, 6015674509971
6015699489471, 6015706364121, 6015706533911
6015733435822, 6015738277016, 6015738399794
6015779098742, 6015785148534, 6015785312302
6015811524700, 6015817865830, 6015818047863
6015839674962, 6015846776919, 6015846926690
6015875731205, 6015884152196, 6015884252574
6015922061256, 6015927585497, 6015927846978
6015952811992, 6015959411882, 6015959578681
6015994344022, 6016005903120, 6016006099702
6016030007795, 6016034747286, 6016034863566
6016060724090, 6016066565034, 6016067344578
6016090712058, 6016096836836, 6016096965687
6016129936548, 6016135014829, 6016136275374
6016167937353, 6016179717722, 6016179970871
6016216091191, 6016227925677, 6016228211736
6016252631566, 6016258534747, 6016258683666
6016283699635, 6016290043769, 6016290210413
6016313927641, 6016321511021, 6016321698332
6016350333207, 6016358129698, 6016358294821
6016381704084, 6016388667720, 6016388824009
6016418013555, 6016431689009, 6016431880232
6016465826586, 6016473044989, 6016473224771
6016496193832, 6016502823406, 6016502970849
6016526459119, 6016536764945, 6016536964843
6016570236423, 6016577437588, 6016577588713
6016600162887, 6016608226982, 6016608401286
6016634536890, 6016647081580, 6016647287219
6016679830443, 6016694255069, 6016694447118
6016717589177, 6016724981811, 6016725145390
6016748523025, 6016753862388, 6016757578108
6016785506199, 6016791096098, 6016791260007
6016816574240, 6016822589688, 6016822747536
6016845777843, 6016855462754, 6016855635047
6016895441719, 6016901759016, 6016901892834
6016929352843, 6016934823172, 6016934978839
6016969661790, 6016974848832, 6016974996920
6017002488848, 6017009367888, 6017009534108
6017032657657, 6017039365200, 6017039530110
6017068615829, 6017076109991, 6017076266867
6017113324379, 6017120387640, 6017120513810
6017142881896, 6017149874541, 6017150015668
6017175507784, 6017182124474, 6017182279787
6017219551361, 6017225706457, 6017225865768
6017249650550, 6017256015522, 6017256172993
6017282085566, 6017288711672, 6017288872601
6017328756799, 6017334257278, 6017334430873
6017362991830, 6017369256568, 6017369466595
6017392230178, 6017398258347, 6017398390191
6017427536986, 6017433140656, 6017433285251
6017468849926, 6017474854022, 6017475005597
6017499855329, 6017506480523, 6017506654519
6017555347355, 6017562532991, 6017562683527
6017586354806, 6017592495347, 6017592633919
6017618092166, 6017625109027, 6017625317693
6017653628715, 6017661488927, 6017661650453
6017685875718, 6017690971593, 6017691108089
6017722192780, 6017734955878, 6017735162787
6017771937631, 6017778302997, 6017778451588
6017802209250, 6017809787587, 6017809961637
6017832578337, 6017837748871, 6017837898354
6017875493134, 6017882114714, 6017882268468
6017904632961, 6017911472471, 6017911606947
6017943470424, 6017950980732, 6017951140176
6017996780907, 6018002382978, 6018002527751
6018029206949, 6018035146563, 6018035336975
6018062004889, 6018069871830, 6018070774269
6018099688664, 6018106855282, 6018107025429
6018129900770, 6018135623099, 6018135768185
6018163075995, 6018168700012, 6018168866201
6018212811870, 6018221274985, 6018221476909
6018254216500, 6018261458371, 6018261641547
6018286037265, 6018296035126, 6018296130635
6018319767060, 6018326200947, 6018326351255
6018353217735, 6018361246653, 6018361418768
6018393338971, 6018403474092, 6018407173060
6018432570491, 6018439932775, 6018440107403
6018468511035, 6018473852448, 6018473997494
6018507429759, 6018517761849, 6018517917959
6018547050771, 6018558972076, 6018559245467
6018584971674, 6018590470145, 6018590622581
6018631260911, 6018634898916, 6018635103724
6018671739716, 6018677294917, 6018677434955
6018701378118, 6018707374829, 6018707538433
6018736162384, 6018741726531, 6018741868214
6018767790747, 6018782890421, 6018783143643
6018808348189, 6018812063009, 6018812174270
6018870076316, 6018875090954, 6018875211910
6018918128134, 6018924246748, 6018924553190
6018953925550, 6018961616101, 6018961714974
6018991517699, 6018997991033, 6018998174529
6019026170995, 6019032095496, 6019032275291
6019072790101, 6019086218098, 6019086413212
6019109249704, 6019115452051, 6019115585457
6019137968837, 6019144969453, 6019145144779
6019174343459, 6019180759593, 6019180952228
6019209328886, 6019215126843, 6019215276813
6019241974122, 6019258364703, 6019258563158
6019296898951, 6019302660899, 6019302801884
6019327262887, 6019334105862, 6019334263707
6019373905072, 6019379797372, 6019379923146
6019403544995, 6019408462279, 6019410010129
6019432607362, 6019438936941, 6019439099288
6019476380651, 6019484278291, 6019485326169
6019513446906, 6019518858216, 6019519243886
6019542806492, 6019549515053, 6019549679047
6019577370039, 6019585795076, 6019586004193
6019623370953, 6019629767888, 6019629898477
6019659272144, 6019665192060, 6019665331947
6019700492207, 6019708081329, 6019708254992
6019733000792, 6019739614188, 6019739746907
6019763293565, 6019768860723, 6019769042078
6019793517048, 6019797978207, 6019798113977
6019828736565, 6019834636313, 6019834781790
6019866376404, 6019874320982, 6019874481339
6019906975954, 6019918256014, 6019918436369
6019944578181, 6019951053557, 6019951326509
6019976802325, 6019982436763, 6019982571089
6020006773693, 6020012649070, 6020012803266
6020048201210, 6020055915149, 6020056082465
6020081701712, 6020087824311, 6020087988007
6020129839414, 6020137983625, 6020138194593
6020181136719, 6020186534757, 6020186693106
6020210430687, 6020215079280, 6020215208486
6020239440607, 6020245360270, 6020245508336
6020277166721, 6020282781718, 6020282915684
6020307814094, 6020314204228, 6020314336465
6020345823622, 6020352605563, 6020352785966
6020402376585, 6020407699254, 6020407858123
6020431254262, 6020436845115, 6020436992264
6020461009041, 6020471153968, 6020471357721
6020497431150, 6020505297564, 6020505465248
6020526722077, 6020531654883, 6020531780021
6020568738805, 6020577890855, 6020578073835
6020619209240, 6020626372542, 6020626503542
6020658152097, 6020663867766, 6020663990709
6020688548430, 6020692244209, 6020692347315
6020722549147, 6020727668999, 6020727780796
6020753840597, 6020760360132, 6020760418987
6020793793644, 6020799481748, 6020799620215
6020833815419, 6020840009827, 6020840173057
6020865312997, 6020873400538, 6020873586721
6020896921931, 6020910167170, 6020910367081
6020939346571, 6020946086400, 6020946263186
6020980956330, 6020986730689, 6020986876430
6021010797607, 6021022944641, 6021023139209
6021058058352, 6021062323737, 6021062459038
6021097384850, 6021102762758, 6021102932917
6021126301632, 6021131032475, 6021131157025
6021162720899, 6021169889389, 6021170034842
6021201556913, 6021208028772, 6021208196845
6021231436625, 6021236214995, 6021238331499
6021279207824, 6021284828164, 6021285188498
6021310215939, 6021314972420, 6021315107079
6021339272863, 6021346496055, 6021346673971
6021372951307, 6021384148313, 6021384222365
6021411760256, 6021418073734, 6021418387365
6021598655956, 6021606827843, 6021609552200
6021634520085, 6021640122582, 6021640273174
6021665160164, 6021671882315, 6021672032919
6021719221092, 6021725252936, 6021726921723
6021758456354, 6021763772695, 6021763908637
6021787725194, 6021794839933, 6021794981836
6021826191647, 6021831461222, 6021831498322
6021856547013, 6021861128778, 6021861296205
6021908382952, 6021914206201, 6021914358255
6021945777054, 6021951374751, 6021951532063
6021984758105, 6021991339896, 6021991339946
6022014629972, 6022019944470, 6022020073813
6022049002943, 6022056652778, 6022056816575
6022080165381, 6022087846163, 6022088014552
6022112006016, 6022117251375, 6022117398649
6022164675649, 6022170468334, 6022170927273
6022195552004, 6022199818269, 6022199956038
6022232347863, 6022239343336, 6022239485331
6022271171149, 6022276726896, 6022276851950
6022301406942, 6022309156827, 6022309378684
6022334044238, 6022346550336, 6022346824719
6022387106134, 6022393597195, 6022393732212
6022422925204, 6022429013466, 6022429163286
6022456256896, 6022462495142, 6022462636368
6022494488561, 6022500880953, 6022501023542
6022526901186, 6022541744861, 6022541937616
6022579506507, 6022585180085, 6022586738549
6022612058571, 6022620415728, 6022622990559
6022652500720, 6022660236372, 6022660386664
6022700896186, 6022706303942, 6022706432625
6022731823115, 6022737825073, 6022737925951
6022765697640, 6022773045012, 6022773205007
6022817633894, 6022824399901, 6022824518312
6022847486597, 6022855794594, 6022855954275
6022889492005, 6022893144263, 6022893258601
6022927667394, 6022934883688, 6022935130004
6022965756136, 6022971260746, 6022971426684
6023011463459, 6023021433695, 6023021639322
6023047359584, 6023056338684, 6023056512190
6023082969780, 6023088281813, 6023089827711
6023117952698, 6023123195202, 6023123343126
6023148582666, 6023156366309, 6023156547613
6023187855458, 6023197658272, 6023197845235
6023235216162, 6023239406362, 6023239528154
6023267210624, 6023274558491, 6023274719828
6023297674381, 6023303618028, 6023303783562
6023334900218, 6023341019554, 6023341266403
6023367579493, 6023374455601, 6023374655596
6023397344420, 6023403279491, 6023403422809
6023435196826, 6023440900110, 6023441044275
6023472965629, 6023478248347, 6023478377660
6023509269962, 6023515215449, 6023515340330
6023540951035, 6023546213475, 6023546331318
6023576768775, 6023583094557, 6023583233840
6023605074278, 6023613619126, 6023613799233
6023641859481, 6023658450621, 6023658656653
6023687456321, 6023694369035, 6023694524676
6023724701778, 6023731542674, 6023731679573
6023754873608, 6023759868489, 6023759996868
6023799604378, 6023806889098, 6023807054162
6023829622073, 6023835842235, 6023835973302
6023863251649, 6023875881921, 6023876064825
6023909527954, 6023915867824, 6023915995861
6023938459887, 6023943712601, 6023943833432
6023969280153, 6023974790475, 6023974916734
6024005578244, 6024010837660, 6024010983049
6024034626839, 6024039889485, 6024040011497
6024064404389, 6024072759354, 6024072951459
6024120983687, 6024126991200, 6024127120106
6024148589370, 6024156194174, 6024156294576
6024179687480, 6024187477989, 6024187638151
6024220712736, 6024226217758, 6024226347565
6024247940587, 6024253787601, 6024253941353
6024280468930, 6024288067270, 6024288233015
6024318922879, 6024330299115, 6024330510933
6024359687061, 6024365950298, 6024366081512
6024388722708, 6024403516531, 6024403706324
6024428717887, 6024432908020, 6024433051408
6024468786478, 6024474944353, 6024475087135
6024498537732, 6024502890468, 6024503040796
6024547850782, 6024553890170, 6024554102457
6024588526649, 6024595102242, 6024595310299
6024622687549, 6024627970760, 6024628092871
6024662819784, 6024670245845, 6024670414048
6024695588587, 6024700040631, 6024700179920
6024734969660, 6024741115062, 6024741306068
6024782405338, 6024787664555, 6024787843195
6024814286334, 6024821423317, 6024821580823
6024842172579, 6024848692172, 6024849946000
6024875408240, 6024882502129, 6024882648808
6024912006843, 6024918606566, 6024918756230
6024942412315, 6024951119505, 6024951314036
6024989273437, 6024996257765, 6024996473132
6025026138234, 6025040008190, 6025040228401
6025064313554, 6025071048238, 6025071758958
6025096404226, 6025102149362, 6025102309453
6025131968380, 6025138014263, 6025138143979
6025163332226, 6025170253845, 6025170433260
6025196914798, 6025203465052, 6025203628058
6025244182230, 6025253555179, 6025253760617
6025280232660, 6025287913421, 6025288072009
6025311856312, 6025318065492, 6025318199249
6025357869424, 6025364105950, 6025364653057
6025387516267, 6025393127832, 6025393328189
6025417920484, 6025433742280, 6025434009313
6025472112891, 6025478946143, 6025479113583
6025507194712, 6025513817210, 6025513965251
6025540300431, 6025550148547, 6025550325224
6025576149689, 6025581904318, 6025582064540
6025607390515, 6025614187245, 6025614340840
6025653164998, 6025663598786, 6025663838590
6025700021259, 6025706401219, 6025706573695
6025729287263, 6025734848538, 6025734984010
6025761700136, 6025770170463, 6025770350750
6025801890981, 6025807300778, 6025807446598
6025831144813, 6025842138271, 6025842325683
6025874150187, 6025882290862, 6025882483410
6025911527125, 6025918075694, 6025918213761
6025942253867, 6025957943269, 6025958145555
6025981386570, 6025987620440, 6025987775585
6026016643513, 6026023074876, 6026023228266
6026045551658, 6026052635442, 6026052799364
6026079964490, 6026087109735, 6026087273495
6026129059074, 6026136385001, 6026136573492
6026164192023, 6026170268826, 6026170437462
6026195644265, 6026201415524, 6026201593873
6026226076850, 6026230940048, 6026231083824
6026278542804, 6026285478747, 6026285806229
6026311645544, 6026324023584, 6026324798289
6026350631189, 6026363793479, 6026363969053
6026387494893, 6026393830963, 6026393968146
6026417538990, 6026422732405, 6026422860417
6026445977249, 6026453125674, 6026453281556
6026483967283, 6026490138209, 6026490284055
6026514213628, 6026518841938, 6026518959353
6026543806441, 6026550111487, 6026550257861
6026597807309, 6026603481470, 6026603633401
6026628127297, 6026633349497, 6026633471156
6026657565018, 6026661629841, 6026661779899
6026699788763, 6026706836284, 6026707003836
6026732107142, 6026738556213, 6026738717126
6026766802116, 6026772872850, 6026773037720
6026813830062, 6026820410142, 6026820467143
6026845259071, 6026852607110, 6026852764253
6026886891623, 6026891140963, 6026891261688
6026922194802, 6026929465839, 6026929616010
6026951987582, 6026958358252, 6026958504236
6026982244445, 6026988754562, 6026988923619
6027028937092, 6027035025374, 6027035189393
6027060193283, 6027065844469, 6027066008943
6027091275689, 6027097745866, 6027097885488
6027121343884, 6027126909076, 6027127056492
6027158875404, 6027165300970, 6027165437386
6027197281506, 6027205850850, 6027206040537
6027237730690, 6027251550373, 6027251753722
6027277783711, 6027282924456, 6027283060342
6027308249524, 6027315414426, 6027315581391
6027338341728, 6027342873519, 6027342981211
6027374021461, 6027379126453, 6027379256185
6027403548336, 6027410809426, 6027410962980
6027431857833, 6027438582309, 6027438727835
6027477603788, 6027492870493, 6027493158066
6027515920772, 6027522551494, 6027522691346
6027545336697, 6027552406163, 6027552406213
6027589212675, 6027595502190, 6027595647542
6027625947798, 6027631210296, 6027631330837
6027657875625, 6027671328121, 6027671529008
6027711183212, 6027717613806, 6027717779289
6027741619891, 6027747140492, 6027747275152
6027772946752, 6027779567606, 6027779706230
6027815616062, 6027822377049, 6027822534916
6027843907759, 6027851080217, 6027851509718
6027878221312, 6027882755758, 6027882922406
6027915606938, 6027928448241, 6027928703367
6027956650267, 6027962714481, 6027962836994
6027987737372, 6027993360268, 6027993492044
6028016861034, 6028023596630, 6028023726833
6028052919023, 6028061474223, 6028061650753
6028086613480, 6028093346592, 6028093480782
6028137205188, 6028142813951, 6028142946470
6028172733318, 6028180487656, 6028180694509
6028204959160, 6028211633005, 6028211761454
6028234230695, 6028239936528, 6028240055844
6028265981375, 6028271333923, 6028271487482
6028302863913, 6028310876460, 6028311038174
6028334383764, 6028339761128, 6028339893639
6028365896674, 6028375580680, 6028375836776
6028419378132, 6028425844559, 6028425987148
6028447692113, 6028456735956, 6028456972770
6028480138026, 6028486576859, 6028486730076
6028515021837, 6028519061272, 6028519201792
6028544022522, 6028551139888, 6028551288548
6028577716028, 6028583989345, 6028584123180
6028629246637, 6028635765713, 6028635913762
6028659239877, 6028665691490, 6028665844785
6028688952418, 6028695159047, 6028695334551
6028736228618, 6028742065061, 6028742226227
6028767955318, 6028774422954, 6028774827898
6028798016871, 6028803175958, 6028803305184
6028841613189, 6028850254858, 6028850439078
6028878144579, 6028884685008, 6028884825067
6028908444606, 6028914461978, 6028914638828
6028940230007, 6028946655180, 6028946780621
6028978397839, 6028984137887, 6028984263632
6029015923070, 6029025975425, 6029026146952
6029057159087, 6029065584883, 6029065759828
6029095560325, 6029100863962, 6029100998022
6029124087449, 6029130972808, 6029131114222
6029155141025, 6029163392894, 6029163559113
6029193785830, 6029200472384, 6029200685545
6029227804091, 6029234142070, 6029234283600
6029260049251, 6029264225729, 6029266526046
6029305328339, 6029310497472, 6029310627195
6029342448602, 6029348233245, 6029348365740
6029373648602, 6029379536832, 6029379677078
6029407742805, 6029413978175, 6029414124005
6029438844527, 6029444042815, 6029444158407
6029473087248, 6029479486748, 6029479654080
6029518929980, 6029525670509, 6029525813136
6029548274837, 6029557082013, 6029557264132
6029580379405, 6029587232847, 6029587392907
6029615612820, 6029629443365, 6029629723355
6029656725224, 6029663503071, 6029663641674
6029688220208, 6029693882792, 6029694023147
6029744782900, 6029751850019, 6029752034196
6029777880889, 6029783384109, 6029783812488
6029806928922, 6029814041467, 6029814208979
6029843753831, 6029848324764, 6029850737322
6029875418524, 6029881932852, 6029882102768
6029906669979, 6029912296454, 6029912432641
6029962398906, 6029967878968, 6029968052368
6029993898865, 6029999646165, 6029999774301
6030022048379, 6030027148323, 6030027288497
6030057953856, 6030063107928, 6030063244344
6030087219506, 6030093693842, 6030093818905
6030117039361, 6030122062107, 6030122200836
6030164089473, 6030174700173, 6030174886523
6030202093620, 6030210076854, 6030210245938
6030237708416, 6030245086049, 6030245260700
6030288694495, 6030296847849, 6030297026739
6030326245468, 6030335746146, 6030335917489
6030371078972, 6030376807446, 6030376951620
6030403702281, 6030414302730, 6030414492240
6030444206532, 6030452942127, 6030453147092
6030490615976, 6030498845397, 6030499020247
6030534530952, 6030543121270, 6030543295679
6030582771585, 6030595744945, 6030595942664
6030620935409, 6030633676840, 6030633872474
6030659629112, 6030666551890, 6030666710744
6030692863778, 6030699626730, 6030699817544
6030744511065, 6030754514224, 6030754701537
6030780720388, 6030796686927, 6030796905710
6030836114029, 6030842389325, 6030842537445
6030867484107, 6030873820016, 6030873963136
6030898633084, 6030907805669, 6030907998972
6030942871321, 6030950958749, 6030951138443
6030993896319, 6031001290119, 6031001646661
6031049681561, 6031062392933, 6031062606514
6031086987907, 6031093780183, 6031093920157
6031115021226, 6031121318891, 6031121459595
6031142900097, 6031147687016, 6031147828582
6031195829178, 6031206326985, 6031206515704
6031236557334, 6031253960133, 6031254202180
6031293400339, 6031299058455, 6031299218497
6031329329424, 6031335013168, 6031335186019
6031371357514, 6031378483028, 6031378641520
6031410868464, 6031419198151, 6031419382167
6031451004883, 6031462778218, 6031462985328
6031516970039, 6031528522137, 6031528763885
6031564508460, 6031570633538, 6031570806449
6031598066280, 6031604938979, 6031605119984
6031628190782, 6031635075676, 6031635270555
