16429573444525, 16429993617315, 16430005766958, 16430012257694, 16430092617733
16430103497996, 16430125067070, 16430130152574, 16430134300820, 16430156276787
16430165486740, 16430189663414, 16430194782369, 16430195529711, 16430222040012
16430231183265, 16430251519332, 16430256274942, 16430256767344, 16430284014031
16430290579168, 16430310314881, 16430315798428, 16430318240456, 16430335400407
16430344415040, 16430369438301, 16430374737224, 16430379449275, 16430386969744
16430394236169, 16430407802244, 16430411903784, 16430413387088, 16430426314479
16430436300734, 16430448984379, 16430453379479, 16430455433563, 16430468395590
16430474997907, 16430491470187, 16430497908858, 16430500080241, 16430512919716
16430518680215, 16430537972086, 16430543287360, 16430544195491, 16430559727159
16430567455690, 16430582649655, 16430592095826, 16430594019493, 16430601296905
16430607371722, 16430626283788, 16430630896313, 16430633418972, 16430648993075
16430655631559, 16430669669867, 16430674985050, 16430675854016, 16430687216187
16430693833213, 16430706968002, 16430711364996, 16430713047122, 16430725391376
16430733121307, 16430744756828, 16430749277932, 16430751382300, 16430767562797
16430776767873, 16430788237943, 16430792350009, 16430793112039, 16430807604265
16430819226905, 16430845358194, 16430854167127, 16430856983097, 16430883250004
16430890748166, 16430900350112, 16430904040922, 16430905639781, 16430920100315
16430927409484, 16430942758882, 16430947175083, 16430949117162, 16430962577253
16430969367544, 16430978050593, 16430983174879, 16430988794729, 16430995179968
16431004625661, 16431012041087, 16431016240621, 16431017813536, 16431031501008
16431039955119, 16431056048706, 16431056225756, 16431062524048, 16431083162092
16431090284411, 16431098225287, 16431103465877, 16431107598541, 16431116838981
16431126387283, 16431138209204, 16431144298960, 16431148482270, 16431157481055
16431164126254, 16431173821953, 16431178971012, 16431183450556, 16431193656369
16431199805468, 16431208481917, 16431214088065, 16431215061794, 16431229475744
16431237515110, 16431249385756, 16431254499593, 16431258768661, 16431267178381
16431274378228, 16431282683947, 16431287037093, 16431288150198, 16431300098188
16431307411490, 16431315599504, 16431320004538, 16431321642309, 16431332306012
16431341045698, 16431355922547, 16431363841033, 16431366434910, 16431379204637
16431387587539, 16431396588105, 16431401690033, 16431403072650, 16431413855913
16431420893099, 16431436367613, 16431441286488, 16431442712635, 16431455453266
16431462974990, 16431475506220, 16431480848081, 16431486332922, 16431495463427
16431502130619, 16431514746839, 16431522059192, 16431524503605, 16431536029012
16431558827446, 16431592062394, 16431596276180, 16431612439105, 16431630464905
16431637096340, 16431651255086, 16431657864325, 16431662685198, 16431670102872
16431677585752, 16431687510600, 16431692459108, 16431692619069, 16431705908792
16431711568780, 16431719994626, 16431724506115, 16431724900277, 16431739582444
16431746088638, 16431754603296, 16431760052368, 16431764652222, 16431773603993
16431780149733, 16431790924275, 16431795835108, 16431798171033, 16431809234893
16431815980039, 16431825980333, 16431830439803, 16431834545293, 16431846701430
16431857075680, 16431864465026, 16431869356017, 16431870339086, 16431882940958
16431890550478, 16431900859815, 16431904445505, 16431906073272, 16431920086433
16431926187864, 16431933648865, 16431938079011, 16431940288875, 16431954756557
16431962702729, 16431973026112, 16431977844180, 16431979225058, 16431989897224
16431996697133, 16432005746780, 16432010567912, 16432015001217, 16432026473870
16432033370836, 16432041326087, 16432045337576, 16432047757592, 16432060055490
16432072522917, 16432085979239, 16432089964950, 16432092188074, 16432103556796
16432109894158, 16432117892126, 16432123355573, 16432124613765, 16432136864102
16432145992472, 16432158018644, 16432161974718, 16432167819743, 16432174411164
16432180764232, 16432188109069, 16432192682342, 16432196941356, 16432207008343
16432213816958, 16432219936929, 16432223628693, 16432224963980, 16432235620914
16432242573521, 16432255695843, 16432260469540, 16432262377966, 16432272715105
16432279214673, 16432287761276, 16432291599528, 16432293014639, 16432307424908
16432312890994, 16432320473794, 16432325142344, 16432326576305, 16432337275149
16432343862920, 16432357646934, 16432363341022, 16432368150509, 16432375379912
16432382001146, 16432389129560, 16432393394300, 16432396076828, 16432405135851
16432413718014, 16432421582873, 16432427328130, 16432428214844, 16432441422688
16432448986059, 16432459260132, 16432464123213, 16432464660446, 16432477170869
16432484938175, 16432492613769, 16432496571821, 16432500416533, 16432511486667
16432519146997, 16432529264429, 16432534012112, 16432535862277, 16432547085202
16432554480634, 16432562382231, 16432566865832, 16432570104411, 16432585869495
16432592555484, 16432600642643, 16432604163646, 16432605695144, 16432615962282
16432623569954, 16432632330326, 16432636159266, 16432637955282, 16432653599203
16432661678668, 16432668377202, 16432672601975, 16432673646373, 16432685322572
16432694493557, 16432702077777, 16432706251819, 16432711341686, 16432718412509
16432727160520, 16432734463615, 16432739655892, 16432741359766, 16432757690960
16432766621975, 16432772736535, 16432777517811, 16432778187276, 16432790591500
16432796686300, 16432806323503, 16432810527075, 16432811552379, 16432823007978
16432830310734, 16432837107700, 16432842595324, 16432846517186, 16432858134627
16432867394725, 16432875910912, 16432879508376, 16432881055479, 16432895266197
16432903523384, 16432913702719, 16432917814076, 16432922713614, 16432929517349
16432936653801, 16432943707924, 16432948505318, 16432949888734, 16432962195546
16432968190071, 16432978362234, 16432983267171, 16432988205060, 16432994502261
16433002248904, 16433011405799, 16433016161250, 16433020384486, 16433034764588
16433042238494, 16433050572797, 16433053834971, 16433057332402, 16433070706761
16433084444273, 16433094160629, 16433098926923, 16433101004494, 16433111529546
16433118665642, 16433124593492, 16433129031041, 16433130785194, 16433143478490
16433153322099, 16433160917759, 16433165724008, 16433174291896, 16433181320908
16433186388734, 16433194972408, 16433199680354, 16433201192817, 16433215582238
16433222213700, 16433228531347, 16433232116492, 16433233206692, 16433244797177
16433252361267, 16433262645090, 16433267853540, 16433271757868, 16433284747161
16433291394332, 16433303520206, 16433308327971, 16433310437738, 16433325257695
16433330967254, 16433344894189, 16433349243691, 16433352409362, 16433365354234
16433374019154, 16433385992220, 16433389663929, 16433392722119, 16433406930905
16433415036822, 16433423299465, 16433428699606, 16433429704289, 16433443428251
16433453180167, 16433461461299, 16433465694329, 16433467382277, 16433482534390
16433491342968, 16433499212703, 16433502872387, 16433505256434, 16433521558748
16433529576123, 16433537390615, 16433541953569, 16433544659730, 16433557740637
16433569361584, 16433579694880, 16433585019039, 16433586306190, 16433601666401
16433609995007, 16433618715718, 16433623927856, 16433626472573, 16433664472912
16433671214783, 16433702522487, 16433708665134, 16433709699720, 16433726188998
16433735952352, 16433757349051, 16433761678500, 16433762979644, 16433776582233
16433783489689, 16433791490606, 16433795775392, 16433798128168, 16433811647455
16433819982309, 16433826037557, 16433829577208, 16433831676661, 16433844473976
16433853653508, 16433860971389, 16433864702145, 16433866517561, 16433882688698
16433889620850, 16433905007965, 16433908760081, 16433910384106, 16433923830178
16433930869466, 16433941250289, 16433945887146, 16433947025889, 16433963142984
16433972156546, 16433979259092, 16433983909540, 16433990764246, 16434000274539
16434009005615, 16434016152839, 16434020094909, 16434020539024, 16434034858026
16434041951507, 16434049967416, 16434055785045, 16434058535684, 16434070733050
16434077295640, 16434084274457, 16434088977081, 16434097479995, 16434107368005
16434119312308, 16434130199374, 16434135850414, 16434137464070, 16434151368811
16434157935636, 16434166570263, 16434172106817, 16434175976839, 16434187459297
16434195005201, 16434202722951, 16434208412005, 16434209706059, 16434225829182
16434234472053, 16434245570245, 16434251187037, 16434253035817, 16434267358986
16434276197604, 16434288162675, 16434293046398, 16434295669001, 16434307685439
16434317674144, 16434328746911, 16434333614682, 16434334388383, 16434349815658
16434357958503, 16434366084060, 16434371020229, 16434371534669, 16434386851893
16434393128394, 16434400834473, 16434405140325, 16434406318261, 16434417623529
16434425879653, 16434437456797, 16434441804316, 16434443931839, 16434458085660
16434465939014, 16434474116916, 16434479349292, 16434481242094, 16434497890296
16434503298180, 16434510432092, 16434514676153, 16434515868334, 16434529764750
16434536682668, 16434546926576, 16434551878428, 16434552999317, 16434563595365
16434570216399, 16434577704506, 16434581324114, 16434582899295, 16434593602755
16434601976331, 16434611545466, 16434615112046, 16434616159973, 16434628883205
16434634389856, 16434642689962, 16434647888924, 16434649648541, 16434662895002
16434669750092, 16434676859498, 16434681623657, 16434687335494, 16434693342384
16434699801337, 16434709225181, 16434713452307, 16434715451211, 16434727045486
16434731670440, 16434740134073, 16434744122112, 16434748537037, 16434757058515
16434766121881, 16434772655886, 16434776547071, 16434777756642, 16434790931952
16434796399651, 16434803296244, 16434808255086, 16434812629786, 16434821748639
16434830550062, 16434838944007, 16434843976405, 16434847021287, 16434855952007
16434863713001, 16434873610125, 16434878304659, 16434878736579, 16434891428785
16434898139014, 16434905291655, 16434910586020, 16434915503331, 16434927754540
16434933910821, 16434944605623, 16434949271328, 16434951048017, 16434961789547
16434968120820, 16434980095601, 16434985052798, 16434988720391, 16434995376998
16435002190772, 16435010009427, 16435014853445, 16435015676492, 16435026110147
16435035439638, 16435041763850, 16435047209714, 16435050373187, 16435059074576
16435066620538, 16435073465995, 16435077837310, 16435080661220, 16435093207680
16435099289679, 16435113089417, 16435117800793, 16435120611303, 16435135017243
16435142462364, 16435154863137, 16435159358460, 16435161037969, 16435173089426
16435182252143, 16435191728708, 16435196048480, 16435200488501, 16435212554695
16435218426002, 16435228501453, 16435234872433, 16435235215406, 16435249019637
16435255936746, 16435266759719, 16435271501852, 16435273455747, 16435287886185
16435294271769, 16435305403396, 16435309318597, 16435310276374, 16435323933278
16435332428764, 16435339599582, 16435344118969, 16435346397546, 16435356935823
16435363853672, 16435369968859, 16435374099874, 16435375427103, 16435388708027
16435395143430, 16435401645827, 16435406683205, 16435407436082, 16435420790045
16435426528947, 16435438548782, 16435443492809, 16435447685150, 16435455603729
16435461203822, 16435467727524, 16435472507126, 16435472771262, 16435484023511
16435493796522, 16435500765180, 16435504412641, 16435505951655, 16435516393019
16435522262811, 16435532463461, 16435536138762, 16435537423790, 16435550860255
16435556204548, 16435563268243, 16435568565378, 16435572601735, 16435579179897
16435585924954, 16435596230946, 16435599672113, 16435600559746, 16435611530559
16435618231235, 16435626392300, 16435631539608, 16435633553945, 16435646837055
16435652896529, 16435660878117, 16435664110194, 16435666159969, 16435675684406
16435682136837, 16435692157542, 16435696830074, 16435699945524, 16435711762831
16435719170051, 16435726318163, 16435732028655, 16435734489210, 16435744053282
16435755633058, 16435763192511, 16435767372164, 16435769364970, 16435778978653
16435785797741, 16435798263636, 16435803494330, 16435808740337, 16435878966486
16435885707767, 16435894280133, 16435899314904, 16435899987933, 16435911035498
16435917772583, 16435924791388, 16435928316640, 16435929682588, 16435941787533
16435949320818, 16435967937781, 16435972446598, 16435973134449, 16435983887822
16435990354025, 16435998726498, 16436002977789, 16436004646984, 16436019331432
16436026892939, 16436035675908, 16436039765176, 16436042698207, 16436057997120
16436065122716, 16436074626972, 16436078743731, 16436084239996, 16436091123118
16436100114983, 16436106111967, 16436111206326, 16436112204331, 16436130867080
16436140556110, 16436148249866, 16436153429012, 16436159429158, 16436165506801
16436171330718, 16436179830809, 16436185604568, 16436189006611, 16436198666312
16436204019902, 16436212333986, 16436216046410, 16436216978500, 16436229198484
16436234621052, 16436241837350, 16436246480792, 16436247224094, 16436259983569
16436268924470, 16436275556585, 16436280317358, 16436281463267, 16436294862375
16436305067886, 16436311707739, 16436316263238, 16436317258265, 16436332765142
16436339338988, 16436349827765, 16436356496694, 16436357161589, 16436371544569
16436383338392, 16436391334273, 16436396675416, 16436398002524, 16436412065664
16436419888401, 16436431672363, 16436436314888, 16436440773431, 16436457058703
16436463273903, 16436470784231, 16436476142110, 16436476630034, 16436490782428
16436497697917, 16436507213038, 16436513013146, 16436518315608, 16436526434095
16436532329149, 16436540160689, 16436544317057, 16436546107261, 16436556876244
16436563732273, 16436569538236, 16436573259615, 16436574913213, 16436590153376
16436597170985, 16436605287035, 16436609746169, 16436615832558, 16436621338994
16436626673441, 16436635968311, 16436640083008, 16436640764716, 16436653714421
16436660141287, 16436667970840, 16436672001047, 16436676413429, 16436685580550
16436691892208, 16436699281088, 16436704561423, 16436705611996, 16436717489999
16436725510912, 16436735766425, 16436740019932, 16436744376327, 16436754578113
16436762650310, 16436773266832, 16436778692855, 16436780469226, 16436791000179
16436798908839, 16436810044178, 16436816165337, 16436817273892, 16436829272142
16436835115152, 16436844368273, 16436849765867, 16436851444754, 16436865560044
16436871100748, 16436884747809, 16436890469130, 16436892299923, 16436906232453
16436913900720, 16436920754981, 16436924148510, 16436925256910, 16436938311883
16436943061740, 16436951648507, 16436956215422, 16436956929749, 16436969541125
16436975426125, 16436985232884, 16436990563451, 16436995680459, 16437002156232
16437011161781, 16437018867277, 16437023072824, 16437028000323, 16437035295324
16437041021656, 16437048046088, 16437053811227, 16437059266059, 16437065419725
16437071167031, 16437082329771, 16437086679493, 16437092242854, 16437098536025
16437106010970, 16437114004031, 16437118244913, 16437119958060, 16437131467837
16437154322098, 16437171831112, 16437178642954, 16437183115349, 16437197014824
16437210596455, 16437219610926, 16437226439756, 16437226797210, 16437243155158
16437251340945, 16437259933461, 16437264322523, 16437264777300, 16437278796641
16437284608828, 16437292282879, 16437297423837, 16437299158933, 16437313481976
16437324678008, 16437331998274, 16437336342573, 16437338734181, 16437352214354
16437357982578, 16437365520206, 16437370060913, 16437371343787, 16437381157060
16437386247318, 16437393156098, 16437397906995, 16437399218805, 16437415202825
16437421145251, 16437427967188, 16437437517185, 16437438040178, 16437449986000
16437455325774, 16437462606944, 16437467590791, 16437468341203, 16437479617611
16437485781410, 16437493078659, 16437496223121, 16437497576079, 16437514562302
16437518899809, 16437526695451, 16437531825623, 16437534068751, 16437546500842
16437553346025, 16437561223823, 16437565619789, 16437566786183, 16437577150198
16437582990861, 16437590482997, 16437595018014, 16437598795401, 16437610544940
16437618598200, 16437624631442, 16437630007057, 16437630483380, 16437641890455
16437647921785, 16437656062893, 16437660215949, 16437664271808, 16437671375252
16437678188056, 16437686957709, 16437692285777, 16437692783801, 16437704816751
16437711817160, 16437719191545, 16437723185748, 16437728395413, 16437735304903
16437741592837, 16437748052834, 16437753363147, 16437754842905, 16437765657409
16437772041860, 16437782525600, 16437786679208, 16437792242695, 16437798689846
16437804261156, 16437812420826, 16437818025324, 16437819329949, 16437834450457
16437840007992, 16437846538059, 16437850477507, 16437852186171, 16437863437533
16437869049667, 16437878843238, 16437884213556, 16437888922679, 16437895516211
16437902220820, 16437911225154, 16437916133869, 16437920742586, 16437926737066
16437934212471, 16437939965647, 16437944361797, 16437945698597, 16437958532675
16437967514459, 16437974494880, 16437979454266, 16437981346125, 16437990393108
16437997783148, 16438003718692, 16438007867455, 16438009289568, 16438020447858
16438027629704, 16438034770165, 16438038559534, 16438041158059, 16438050955340
16438060743394, 16438070876352, 16438075754834, 16438080067644, 16438093680028
16438101336341, 16438108129957, 16438112740170, 16438113583695, 16438124332338
16438134379760, 16438144001412, 16438149079308, 16438154748782, 16438173223254
16438180175210, 16438187427257, 16438190669259, 16438193193709, 16438203897175
16438210451918, 16438217617871, 16438223839486, 16438228088958, 16438234869691
16438241788398, 16438247638688, 16438253490219, 16438254311598, 16438269388584
16438276282830, 16438282622467, 16438286215582, 16438287662541, 16438299677070
16438306050766, 16438312278385, 16438316724531, 16438317669223, 16438328835994
16438335287673, 16438342257103, 16438346318055, 16438349104636, 16438362216918
16438367983208, 16438374792470, 16438379817392, 16438385220462, 16438391501498
16438398110172, 16438405749712, 16438410404639, 16438415299789, 16438421931074
16438426016878, 16438437453222, 16438441722762, 16438446180519, 16438459128221
16438465493824, 16438471485854, 16438476366286, 16438476723973, 16438487504891
16438494161255, 16438501270135, 16438506842223, 16438508435637, 16438517776574
16438524583579, 16438534547719, 16438539754567, 16438543727054, 16438551920261
16438557571945, 16438564585040, 16438568418493, 16438569674659, 16438580815832
16438588093622, 16438594609284, 16438599541033, 16438600021620, 16438613153916
16438618672785, 16438629826777, 16438634980476, 16438636432736, 16438646803429
16438653526154, 16438661430206, 16438666975316, 16438667240901, 16438682182129
16438687128598, 16438694474464, 16438699294426, 16438699928913, 16438711769819
16438718676937, 16438729876824, 16438736237740, 16438740147662, 16438747528885
16438754185586, 16438761835037, 16438766452267, 16438771255203, 16438777614656
16438784052988, 16438790946544, 16438795583861, 16438799906957, 16438808310173
16438817873943, 16438823842246, 16438834072063, 16438834382786, 16438839521275
16438845603733, 16438853352811, 16438857104746, 16438858805967, 16438870437852
16438876485781, 16438883107580, 16438887312342, 16438892948483, 16438898177992
16438910619357, 16438918076495, 16438922006674, 16438927088064, 16438936545112
16438942740245, 16438949687087, 16438953787827, 16438956693902, 16438965922392
16438971127695, 16438977996196, 16438981860117, 16438983874631, 16438998406371
16439003154460, 16439014660971, 16439021171969, 16439022094400, 16439036217775
16439043086537, 16439050532031, 16439054108840, 16439055139995, 16439067926305
16439074143294, 16439082295022, 16439085834677, 16439087824880, 16439102552912
16439110350489, 16439117356142, 16439122406452, 16439123471715, 16439135616894
16439141690544, 16439150110259, 16439154175743, 16439155828304, 16439174031387
16439183791168, 16439190706480, 16439195702740, 16439200283157, 16439210186811
16439215322781, 16439225048705, 16439228739019, 16439230478438, 16439244119957
16439255735497, 16439266030950, 16439270548739, 16439274999084, 16439283751506
16439289764676, 16439300277782, 16439304125073, 16439304764395, 16439316794695
16439323477421, 16439331037391, 16439338180557, 16439343238870, 16439349447192
16439356204200, 16439363834257, 16439368508938, 16439369803520, 16439382603069
16439388218543, 16439398173753, 16439403192597, 16439403764316, 16439415460010
16439421201859, 16439428276564, 16439432163206, 16439433004479, 16439444719994
16439451948372, 16439458599115, 16439462603534, 16439464191301, 16439476549392
16439482915091, 16439494226337, 16439498449471, 16439499781307, 16439509364195
16439516815411, 16439523562996, 16439527543127, 16439531332221, 16439538970714
16439544209132, 16439552644217, 16439556467747, 16439557743270, 16439568637006
16439575324280, 16439585905921, 16439590194841, 16439591928607, 16439601201817
16439607315848, 16439613822711, 16439619641523, 16439623490806, 16439632187449
16439641437238, 16439650006912, 16439653974399, 16439657762329, 16439666343786
16439677447069, 16439683990521, 16439688110788, 16439689360753, 16439701506147
16439707016993, 16439714552000, 16439719006692, 16439719675334, 16439730732765
16439737848731, 16439744343596, 16439748448526, 16439750409860, 16439762045120
16439772381188, 16439779692086, 16439783933646, 16439788687501, 16439794665537
16439800920481, 16439808049526, 16439812199968, 16439816529280, 16439823887868
16439830388692, 16439836885420, 16439840450859, 16439842343901, 16439932946857
16439943399778, 16439951460293, 16439955822821, 16439958201086, 16439968781536
16439975632906, 16439982061037, 16439985341447, 16439988178677, 16439999077268
16440003301069, 16440012679356, 16440016076141, 16440017317465, 16440029731334
16440035409170, 16440042873291, 16440047542243, 16440048191565, 16440060885772
16440067079742, 16440078197596, 16440083091418, 16440083681545, 16440094479050
16440100797485, 16440106645494, 16440110731753, 16440111734818, 16440122217622
16440129558012, 16440138051946, 16440143583826, 16440143864414, 16440154196856
16440160111878, 16440167105576, 16440171213142, 16440171974064, 16440187723441
16440197201723, 16440208666393, 16440211327094, 16440217058597, 16440232369976
16440241950030, 16440248983435, 16440254103135, 16440257352914, 16440265658496
16440270367929, 16440279714100, 16440284120200, 16440287008854, 16440295454475
16440303441854, 16440309321048, 16440314333721, 16440319186669, 16440325318626
16440331345825, 16440338747829, 16440344010347, 16440344459667, 16440360382006
16440366769412, 16440372775754, 16440377766046, 16440383845525, 16440389044081
16440395001595, 16440401751814, 16440406698626, 16440411605127, 16440416558048
16440422827651, 16440430161245, 16440434376921, 16440436160065, 16440446561167
16440453295156, 16440459885502, 16440464103822, 16440464593895, 16440475266087
16440481803827, 16440492736291, 16440497415891, 16440500322189, 16440507980062
16440516085794, 16440522053048, 16440526793524, 16440527328746, 16440540328084
16440547757115, 16440555063540, 16440560148612, 16440560457945, 16440571932040
16440578622893, 16440585827763, 16440590675271, 16440590979262, 16440602087334
16440608526478, 16440618829778, 16440623119397, 16440624444739, 16440634464057
16440639871166, 16440648490340, 16440652399776, 16440653016264, 16440663802725
16440670043816, 16440675858572, 16440680946122, 16440681993368, 16440691367142
16440698312662, 16440707416852, 16440711365643, 16440711906773, 16440722800181
16440728778252, 16440737016481, 16440741057360, 16440742244276, 16440757363160
16440763720757, 16440772254687, 16440776812270, 16440778735940, 16440788512853
16440795669638, 16440801498697, 16440806625895, 16440808243790, 16440817351266
16440824438108, 16440831727875, 16440836256608, 16440841346459, 16440860298114
16440865751961, 16440872257522, 16440876476666, 16440876575001, 16440887867568
16440898549272, 16440906617015, 16440911601588, 16440912107992, 16440925906130
16440935508106, 16440943976278, 16440948521009, 16440950752049, 16440960023693
16440966568096, 16440973353437, 16440977815156, 16440979667652, 16440989973922
16440995435310, 16441003652380, 16441008980013, 16441011251704, 16441019777207
16441026328300, 16441037806203, 16441043140261, 16441044223594, 16441054223564
16441059890187, 16441067185130, 16441070848052, 16441073140117, 16441084760406
16441091761755, 16441099182597, 16441103410572, 16441108895136, 16441114010560
16441119826526, 16441128058064, 16441132491252, 16441133682189, 16441147805153
16441156146799, 16441163550892, 16441168070049, 16441168480270, 16441184786733
16441196944751, 16441205865872, 16441210754089, 16441213445556, 16441222078297
16441226536316, 16441235153902, 16441239272091, 16441240186855, 16441250902760
16441257485711, 16441263311868, 16441271395780, 16441274662539, 16441279828775
16441285985661, 16441292541138, 16441297844050, 16441300206133, 16441309962386
16441320105961, 16441326859398, 16441331109834, 16441336311759, 16441342571298
16441347915955, 16441355595385, 16441359445599, 16441360250202, 16441371341961
16441378142078, 16441384044165, 16441388104062, 16441388866017, 16441398615384
16441405568149, 16441411469873, 16441416102387, 16441416471206, 16441427718308
16441434265158, 16441447311340, 16441451660903, 16441452416205, 16441463971993
16441470373110, 16441476966673, 16441481053159, 16441482008016, 16441491628027
16441499275441, 16441505779346, 16441510901629, 16441514111038, 16441522908345
16441527635643, 16441536385988, 16441540826408, 16441541474264, 16441553502583
16441560949705, 16441567721265, 16441572299984, 16441573454368, 16441589062312
16441595421311, 16441604054755, 16441608068017, 16441608866324, 16441619961452
16441626460266, 16441632856203, 16441637517221, 16441639344058, 16441649850418
16441655623308, 16441663055626, 16441667224407, 16441669776653, 16441678670887
16441686594864, 16441693826696, 16441697940534, 16441699549965, 16441710243556
16441721394321, 16441727933109, 16441732275474, 16441732721066, 16441745376724
16441751827231, 16441759737624, 16441763348852, 16441765079066, 16441776620113
16441783295837, 16441790409330, 16441795649853, 16441799686841, 16441807279521
16441812986326, 16441819440970, 16441824445362, 16441826596582, 16441835519300
16441842299558, 16441853532840, 16441860130737, 16441865156221, 16441871146871
16441878945699, 16441885811203, 16441890948657, 16441896437725, 16441902330813
16441907837680, 16441914669849, 16441919476902, 16441922211845, 16441930674911
16441937084272, 16441944049736, 16441948319720, 16441948458066, 16441960002719
16441966705865, 16441972854061, 16441977459792, 16441985733951, 16441994014866
16442001465193, 16442007931327, 16442012122887, 16442012849040, 16442023739533
16442030976655, 16442037759566, 16442043835678, 16442048169512, 16442060994746
16442067567524, 16442074835234, 16442079927241, 16442084408696, 16442091877502
16442098238986, 16442105478922, 16442110749566, 16442114344086, 16442126930143
16442134010403, 16442141124593, 16442146046799, 16442147128296, 16442158535765
16442163842555, 16442171767862, 16442175260437, 16442176370067, 16442186608064
16442194318773, 16442200883074, 16442209065950, 16442209481464, 16442226497255
16442231803324, 16442239096641, 16442244051223, 16442248162124, 16442255831230
16442263936578, 16442274794658, 16442284383700, 16442284882583, 16442291841183
16442298657317, 16442305232177, 16442309529335, 16442311527698, 16442321349885
16442328075709, 16442334296392, 16442338525598, 16442340156632, 16442353658860
16442359002688, 16442367358090, 16442371933626, 16442376231510, 16442384570062
16442390424736, 16442401072145, 16442406020716, 16442406292806, 16442417228046
16442423622923, 16442430403334, 16442434368708, 16442435731256, 16442449147244
16442456173108, 16442462354058, 16442467761083, 16442472928456, 16442479361590
16442485454795, 16442492302369, 16442496406698, 16442497360018, 16442509310024
16442514640931, 16442521614427, 16442526614706, 16442529679471, 16442542731984
16442548997550, 16442556082405, 16442560172439, 16442561252619, 16442573181883
16442579728971, 16442590166670, 16442594978346, 16442599140571, 16442606751952
16442613067990, 16442619675669, 16442623759234, 16442629061831, 16442636547504
16442645641963, 16442651542108, 16442655968140, 16442657911328, 16442669643343
16442675280445, 16442687431147, 16442692149411, 16442696466348, 16442703906916
16442710103620, 16442716897008, 16442721057264, 16442723589788, 16442733223449
16442738901525, 16442747375360, 16442752338739, 16442757054694, 16442762677322
16442770174178, 16442776525983, 16442781401951, 16442782781097, 16442794058933
16442798970521, 16442812460340, 16442816319177, 16442817698587, 16442827768516
16442834828157, 16442841797954, 16442845811471, 16442849959130, 16442857660729
16442863555789, 16442871220719, 16442876305110, 16442879170795, 16442887018236
16442894278478, 16442901235029, 16442904435543, 16442905418367, 16442917113800
16442922314997, 16442929357964, 16442933367616, 16442934076815, 16442953530659
16442959824156, 16442966553809, 16442971050440, 16442972266970, 16442983288757
16442989624521, 16442996720319, 16443001896828, 16443005124972, 16443014773504
16443019873945, 16443026425516, 16443030700781, 16443036195053, 16443042550216
16443048897235, 16443055872678, 16443060057148, 16443062061439, 16443072258988
16443084349278, 16443091361043, 16443096075687, 16443100269156, 16443106880915
16443113991413, 16443119845832, 16443124997974, 16443128467183, 16443136044717
16443144191528, 16443151608498, 16443156715082, 16443160121039, 16443167176941
16443174663624, 16443180570473, 16443184679654, 16443185897818, 16443196917034
16443202959740, 16443216016988, 16443223661548, 16443224041576, 16443241345743
16443251714341, 16443257938838, 16443263118177, 16443264465592, 16443276407721
16443281993101, 16443290524040, 16443295081295, 16443296053765, 16443312763103
16443318983065, 16443325124514, 16443328560309, 16443330388350, 16443340614881
16443347715696, 16443354813823, 16443359282692, 16443364465075, 16443376170662
16443383013059, 16443389632369, 16443394887369, 16443395739024, 16443406243308
16443411428810, 16443418725249, 16443422777317, 16443425722581, 16443436158910
16443443638380, 16443450573364, 16443457094766, 16443462191519, 16443467324498
16443473609635, 16443479956968, 16443483949786, 16443488469031, 16443495178991
16443506680141, 16443513393640, 16443517220067, 16443518685297, 16443528987761
16443534565592, 16443542217833, 16443547752063, 16443549092220, 16443561847026
16443568536763, 16443576665265, 16443580460390, 16443582061429, 16443592364680
16443600276196, 16443607508426, 16443611865450, 16443617551108, 16443623556343
16443629898003, 16443642931607, 16443647949520, 16443649428763, 16443659053722
16443664980827, 16443671293467, 16443675977367, 16443677773294, 16443687920207
16443694930916, 16443701856902, 16443706898036, 16443711959796, 16443717662661
16443722267391, 16443729882810, 16443735108066, 16443735865497, 16443747069939
16443752082230, 16443759390327, 16443764127716, 16443764748614, 16443780857242
16443787396232, 16443794512989, 16443798599845, 16443799798537, 16443811849329
16443819797202, 16443826980798, 16443831083632, 16443836186395, 16443842439984
16443851059370, 16443857527058, 16443862006711, 16443866262394, 16443873138835
16443877858018, 16443886588663, 16443891457902, 16443897594518, 16443903697181
16443914812612, 16443921608602, 16443926679822, 16443929059286, 16443937731312
16443943045164, 16443950838942, 16443954314401, 16443956941424, 16443967336613
16443973981182, 16443985056019, 16443989618527, 16443994306374, 16444002171745
16444007386528, 16444015768908, 16444019957675, 16444021430744, 16444032127128
16444037658729, 16444050358997, 16444054363686, 16444059634164, 16444066508686
16444071957828, 16444078497580, 16444083815104, 16444088239624, 16444095407692
16444102432551, 16444109015614, 16444113706838, 16444118352703, 16444124205104
16444130946143, 16444138025304, 16444142034216, 16444146856093, 16444155886012
16444162202101, 16444167997999, 16444173874725, 16444175935602, 16444191024436
16444197363709, 16444204071593, 16444208149077, 16444209158589, 16444219513224
16444225856893, 16444232681280, 16444237015136, 16444241698785, 16444257724868
16444264359131, 16444270709177, 16444274928301, 16444277247863, 16444287183724
16444293985667, 16444301048789, 16444305976206, 16444308303738, 16444319360648
16444330489769, 16444337367091, 16444341451327, 16444345333411, 16444352933005
16444358927957, 16444366260265, 16444370930625, 16444375171263, 16444383243486
16444392448077, 16444398426566, 16444402069696, 16444403337729, 16444414595718
16444420975794, 16444427652629, 16444431665829, 16444433142781, 16444442770954
16444451094057, 16444461993981, 16444466101078, 16444466852479, 16444477874067
16444483084804, 16444490677192, 16444494582310, 16444499311638, 16444506740714
16444511950198, 16444519058120, 16444522783961, 16444523291365, 16444535413236
16444541842515, 16444549114484, 16444553393198, 16444554087035, 16444564331524
16444570670113, 16444577977413, 16444581422481, 16444592212686, 16444599413195
16444607198628, 16444613658369, 16444618828799, 16444623471411, 16444629289517
16444636017738, 16444643494951, 16444647799679, 16444649552381, 16444659685828
16444666997006, 16444673266376, 16444678616891, 16444682340048, 16444691500624
16444697540261, 16444704295998, 16444710328751, 16444714240640, 16444726792922
16444732786854, 16444739617436, 16444746827974, 16444747297734, 16444759845019
16444766393352, 16444772196977, 16444776575963, 16444777610881, 16444788717646
16444794477305, 16444801531456, 16444805690337, 16444808801766, 16444819640017
16444825463704, 16444832645030, 16444836516695, 16444840124430, 16444848178171
16444854175083, 16444866202733, 16444870671826, 16444876025438, 16444883296782
16444890030675, 16444897212785, 16444901110082, 16444902800585, 16444914008205
16444918733457, 16444926458646, 16444930670207, 16444934594438, 16444941388791
16444947146098, 16444955013064, 16444958641960, 16444960158441, 16444970726699
16444976445083, 16444988696965, 16444993642474, 16444994898968, 16445006473883
16445013208453, 16445019917863, 16445023627631, 16445025436232, 16445035905351
16445042412541, 16445051473027, 16445055580237, 16445056164326, 16445067191590
16445073788231, 16445079192364, 16445083431833, 16445084614221, 16445096716632
16445104509365, 16445111422011, 16445115893897, 16445116880472, 16445131843653
16445138451463, 16445145575412, 16445150952413, 16445156273877, 16445162519184
16445166874186, 16445175417556, 16445179430974, 16445184399424, 16445190865068
16445197243426, 16445204808099, 16445209214143, 16445211410513, 16445220593626
16445227550082, 16445235449550, 16445240773815, 16445241885177, 16445261031750
16445270736928, 16445283194056, 16445287585249, 16445288002779, 16445301737068
16445307943720, 16445314329786, 16445317566701, 16445319576520, 16445331724976
16445338374674, 16445347772288, 16445352179496, 16445352697488, 16445364125765
16445369977636, 16445377211092, 16445381244536, 16445385503367, 16445394188567
16445399764289, 16445412860330, 16445417920047, 16445423395368, 16445428361091
16445435029578, 16445442246109, 16445446475846, 16445446812724, 16445457919782
16445462137676, 16445471897313, 16445475923347, 16445480965376, 16445486334540
16445493097742, 16445500581698, 16445505418406, 16445509884320, 16445516424371
16445522721630, 16445529011957, 16445535013682, 16445535560979, 16445551794699
16445558523114, 16445564413222, 16445569261181, 16445570990104, 16445581117958
16445587321755, 16445594368151, 16445598977066, 16445600222639, 16445612547332
16445619166412, 16445626074182, 16445630468532, 16445636345820, 16445643749827
16445653120387, 16445660951892, 16445664343289, 16445665855137, 16445679204317
16445787596162, 16445794155213, 16445798847848, 16445804187824, 16445810784365
16445817174413, 16445823666101, 16445828366855, 16445828914453, 16445839943160
16445847594545, 16445854322648, 16445859008163, 16445861739483, 16445869799912
16445874837620, 16445881605762, 16445885452780, 16445891289285, 16445897331359
16445902964764, 16445910324747, 16445914574400, 16445916364823, 16445927460886
16445933963225, 16445940071843, 16445944625256, 16445945261776, 16445959876751
16445966651532, 16445975422941, 16445979634454, 16445981879504, 16445993394204
16446025577375, 16446032220065, 16446036712793, 16446037533674, 16446048777566
16446055941746, 16446063300594, 16446067602354, 16446069496906, 16446078626794
16446082963177, 16446092381693, 16446096899051, 16446097158749, 16446109595144
16446115425780, 16446122190027, 16446125827338, 16446127529903, 16446138296069
16446144813827, 16446152203930, 16446157064910, 16446163027578, 16446167879871
16446174273734, 16446181287352, 16446184970277, 16446186746822, 16446198129543
16446204936176, 16446212413491, 16446217178390, 16446221407523, 16446229525260
16446235182026, 16446252297043, 16446257170993, 16446266358493, 16446275889666
16446283104825, 16446291069897, 16446295106540, 16446298961835, 16446309098927
16446315555415, 16446322345118, 16446326757553, 16446327326578, 16446338044318
16446343340966, 16446351735840, 16446355595991, 16446357174538, 16446368891732
16446375984887, 16446382762864, 16446386618742, 16446388597723, 16446398015687
16446404263828, 16446411832861, 16446416414693, 16446417023675, 16446428259882
16446436021082, 16446442004269, 16446448044507, 16446449614187, 16446461957128
16446467674157, 16446474915421, 16446478775456, 16446481105062, 16446494832663
16446501788510, 16446508724515, 16446512410605, 16446513795310, 16446524783545
16446530907443, 16446537170389, 16446541838263, 16446546676720, 16446554064162
16446560792633, 16446568500282, 16446572606990, 16446574164517, 16446585279319
16446590747988, 16446597503789, 16446603465014, 16446603831567, 16446615576262
16446622718884, 16446628511586, 16446632067818, 16446633858103, 16446643715208
16446651590866, 16446658050169, 16446662620410, 16446667834486, 16446673709292
16446678911442, 16446686844375, 16446691038715, 16446695507803, 16446708630690
16446715548959, 16446723669107, 16446727482360, 16446729269235, 16446739643241
16446745671877, 16446752688912, 16446756127711, 16446757309982, 16446768213468
16446774816610, 16446781660416, 16446785816999, 16446788134327, 16446798317420
16446803351781, 16446811671862, 16446815747929, 16446819598174, 16446827376980
16446833667949, 16446839434036, 16446843551118, 16446848476758, 16446857180031
16446864027244, 16446871658903, 16446875967927, 16446878106812, 16446888245152
16446893790766, 16446901138852, 16446906158667, 16446907489270, 16446918199148
16446923828030, 16446938283682, 16446943300424, 16446948732323, 16446954399434
16446961662325, 16446967594857, 16446972940058, 16446973578903, 16446984287699
16446990450797, 16446996478796, 16447000228518, 16447001870421, 16447014837219
16447021616327, 16447028574765, 16447033586568, 16447037580078, 16447043784426
16447050658044, 16447056674785, 16447060268682, 16447061617320, 16447073608355
16447078817351, 16447086135437, 16447091071074, 16447096041447, 16447101651293
16447106879130, 16447115082273, 16447120093536, 16447120602618, 16447131435432
16447138391374, 16447155078143, 16447159618616, 16447160599614, 16447172515414
16447177702156, 16447184828934, 16447189246677, 16447190170253, 16447200943593
16447206161553, 16447214404606, 16447219401131, 16447222272827, 16447229918099
16447239122427, 16447245960032, 16447249539530, 16447250414441, 16447262619519
16447269178430, 16447281201623, 16447285751901, 16447287084578, 16447301512206
16447307123742, 16447315406321, 16447319969506, 16447322517547, 16447330992414
16447339069555, 16447348203024, 16447353613886, 16447354040955, 16447370558334
16447380774988, 16447388865417, 16447393687139, 16447398788177, 16447414361075
16447419936577, 16447426420893, 16447431412202, 16447432031617, 16447443150841
16447452049162, 16447459224577, 16447462670358, 16447464147344, 16447475119976
16447481940718, 16447489318841, 16447493351042, 16447499440964, 16447504899384
16447510590443, 16447518338388, 16447523296834, 16447524752465, 16447534728015
16447543047955, 16447549673481, 16447554131420, 16447560233006, 16447567349401
16447574222672, 16447580275540, 16447585198578, 16447587136481, 16447597153527
16447602431898, 16447611796666, 16447616860937, 16447618565015, 16447628829416
16447642978503, 16447649625757, 16447654639774, 16447659544123, 16447667068758
16447671551813, 16447679621818, 16447683308595, 16447684993790, 16447695913893
16447702954126, 16447709351485, 16447713310257, 16447716901362, 16447726661796
16447733105209, 16447740056872, 16447744568237, 16447745725546, 16447757690410
16447766770067, 16447773977029, 16447778330217, 16447783191635, 16447790393779
16447796120103, 16447806188003, 16447809770874, 16447811476292, 16447823296756
16447829505785, 16447836213277, 16447839481175, 16447841285220, 16447852085433
16447858892204, 16447873305385, 16447877836859, 16447880504434, 16447889541477
16447895460480, 16447902942145, 16447907306202, 16447911984566, 16447918846274
16447925185478, 16447931146633, 16447936168812, 16447936715503, 16447947428789
16447954718653, 16447960520447, 16447965550307, 16447966069794, 16447976673367
16447981964318, 16447989106045, 16447993285459, 16447995260793, 16448005409919
16448011231324, 16448019323905, 16448025040646, 16448026491244, 16448035588682
16448041215260, 16448055951966, 16448061301091, 16448065788522, 16448074700352
16448081482286, 16448087747906, 16448092149099, 16448092666323, 16448111208809
16448119227008, 16448125253316, 16448129919073, 16448133852131, 16448141107119
16448149224988, 16448156374210, 16448160607698, 16448161756050, 16448173348288
16448177439505, 16448186014656, 16448190175401, 16448193266424, 16448202348385
16448207756433, 16448214538032, 16448219675081, 16448220411237, 16448231221350
16448236095414, 16448243845516, 16448248903093, 16448251322619, 16448259745154
16448266468448, 16448273470389, 16448277671630, 16448278031835, 16448295085532
16448302719133, 16448310553839, 16448315653046, 16448317967588, 16448335413146
16448342688141, 16448348905919, 16448356067341, 16448360346077, 16448367144945
16448373888202, 16448380489713, 16448384646828, 16448386036487, 16448397750960
16448404327259, 16448410131411, 16448415013040, 16448418680746, 16448426260835
16448432136778, 16448439793619, 16448443940488, 16448445828766, 16448458040848
16448463365451, 16448470328485, 16448474311462, 16448475482820, 16448486337545
16448491573790, 16448498732118, 16448502487615, 16448503202373, 16448514178809
16448521435604, 16448527502528, 16448533083562, 16448533344233, 16448543327785
16448550352550, 16448563727437, 16448569403782, 16448573970459, 16448580011646
16448586320036, 16448591856031, 16448596383328, 16448597834017, 16448609362255
16448615150811, 16448626863556, 16448631052572, 16448631814621, 16448641891057
16448647212507, 16448657657507, 16448661833997, 16448663978533, 16448673896619
16448679549518, 16448688069653, 16448692038318, 16448696772590, 16448703715155
16448710059722, 16448716485515, 16448720325899, 16448721796775, 16448733638864
16448738082132, 16448746953653, 16448751031175, 16448753911043, 16448762993910
16448769777504, 16448775700389, 16448779844755, 16448792599534, 16448798930300
16448805790492, 16448812893138, 16448818200433, 16448819093984, 16448830015141
16448835627529, 16448842339840, 16448846432880, 16448850344001, 16448858216749
16448864125467, 16448870785954, 16448875900242, 16448877183655, 16448887486730
16448894349583, 16448901808590, 16448906144552, 16448907810528, 16448917236084
16448924451740, 16448930154080, 16448933836757, 16448935284606, 16448946764005
16448956433144, 16448963625472, 16448967880727, 16448969974155, 16448979695196
16448983896725, 16448993762350, 16448998059680, 16448999664234, 16449017487434
16449026172472, 16449032372857, 16449035532369, 16449037447127, 16449047261259
16449054828275, 16449061371813, 16449065332939, 16449068865630, 16449077570101
16449082960944, 16449090815770, 16449095779134, 16449098359464, 16449107084176
16449113590208, 16449119538705, 16449124382638, 16449126658378, 16449136987133
16449142271616, 16449149947820, 16449154498043, 16449155870930, 16449166973647
16449173465346, 16449179830105, 16449183997470, 16449187325177, 16449195164808
16449202386985, 16449208978500, 16449212352794, 16449214069109, 16449227159586
16449233416361, 16449246856374, 16449254790551, 16449259033586, 16449266329666
16449272930865, 16449279993713, 16449283472259, 16449285957073, 16449296165971
16449302823977, 16449316268968, 16449320831325, 16449322207267, 16449338222029
16449344114999, 16449351877823, 16449355966970, 16449357823166, 16449367525216
16449374179346, 16449382449965, 16449387536336, 16449389497455, 16449398269526
16449403210139, 16449411539126, 16449415564302, 16449420510054, 16449426732657
16449434982876, 16449441151917, 16449445426439, 16449448018694, 16449459725588
16449466431139, 16449472017548, 16449476892291, 16449489646153, 16449495891279
16449502148525, 16449509312154, 16449512904920, 16449514443156, 16449526198358
16449533316520, 16449540045533, 16449544381802, 16449544796423, 16449558118901
16449564601230, 16449571002202, 16449574265780, 16449575773660, 16449589391993
16449595215531, 16449602548068, 16449607409489, 16449612174946, 16449619240379
16449625738390, 16449633256235, 16449638052097, 16449641843099, 16449648933275
16449655213591, 16449661834762, 16449666161557, 16449667738545, 16449677931235
16449685007558, 16449691282829, 16449695575561, 16449700370565, 16449713688042
16449720699217, 16449727410712, 16449730872202, 16449733313987, 16449745710269
16449751435373, 16449759164012, 16449763366783, 16449768679290, 16449773934264
16449780823451, 16449786734306, 16449791595601, 16449793608968, 16449802404224
16449807096767, 16449815539573, 16449818847050, 16449820402263, 16449832404988
16449838782658, 16449845532219, 16449849044434, 16449849910472, 16449862537581
16449869722292, 16449875140484, 16449881108204, 16449885039523, 16449893754532
16449901393721, 16449909943707, 16449921138579, 16449923459653, 16449933273303
16449939165951, 16449954627675, 16449960060713, 16449960314356, 16449971876331
16449978179149, 16449983568439, 16449987365004, 16449988315422, 16449999861082
16450005885417, 16450013293660, 16450018036307, 16450019934732, 16450030439476
16450038129702, 16450044419943, 16450048974311, 16450054383179, 16450060383432
16450066581429, 16450072914334, 16450076396343, 16450077445060, 16450088643347
16450094148210, 16450102786505, 16450106571850, 16450106726288, 16450117417284
16450123801944, 16450131187096, 16450136105890, 16450137132960, 16450147043934
16450156842024, 16450170678715, 16450170821945, 16450173758904, 16450189067211
16450198784006, 16450207580930, 16450212395501, 16450212772526, 16450224671198
16450233332327, 16450241464485, 16450248157292, 16450248327338, 16450264044145
16450270734408, 16450277511391, 16450283936697, 16450287393675, 16450294593463
16450301041054, 16450306959976, 16450312017238, 16450312148883, 16450336202632
16450342562231, 16450350544988, 16450354725559, 16450354861990, 16450365193098
16450370738545, 16450378042272, 16450382087994, 16450382876183, 16450392446848
16450397990377, 16450406195830, 16450410835526, 16450410976998, 16450431551350
16450438627919, 16450444904792, 16450448462690, 16450448462991, 16450462189789
16450468630762, 16450474996443, 16450479194228, 16450479273374, 16450490841595
16450496097094, 16450503913631, 16450507833453, 16450513907575, 16450519132002
16450526705323, 16450533610483, 16450537686882, 16450537812440, 16450553872157
16450560613151, 16450566462446, 16450572497516, 16450572816400, 16450585389174
16450591382643, 16450598139571, 16450604282654, 16450608206593, 16450615407463
16450622271211, 16450628857569, 16450635272902, 16450635418455, 16450648930740
16450665860620, 16450673979114, 16450678222658, 16450678246689, 16450692119967
16450699027033, 16450706391334, 16450712393707, 16450712549726, 16450723402676
16450729472626, 16450735679755, 16450740159829, 16450740253571, 16450752335977
16450761303111, 16450768133926, 16450772785018, 16450773312762, 16450785288837
16450790112839, 16450798359971, 16450802944330, 16450803056339, 16450814036118
16450818928299, 16450826166867, 16450830977824, 16450831101774, 16450844308924
16450850647935, 16450856729316, 16450861960430, 16450866974589, 16450871805187
16450878488637, 16450895092205, 16450898995756, 16450899114503, 16450911167533
16450915344590, 16450923990161, 16450928118669, 16450928206225, 16450939382605
16450946669064, 16450953383484, 16450957276805, 16450960178303, 16450969944108
16450974998079, 16450981940754, 16450987668389, 16450987790857, 16450997867421
16451003373501, 16451011218868, 16451016301806, 16451016434783, 16451026283118
16451031998976, 16451038955443, 16451044276205, 16451044283504, 16451055869113
16451064338473, 16451071398955, 16451074997984, 16451076144894, 16451087022490
16451093877113, 16451108440292, 16451113508058, 16451113665669, 16451125246109
16451131477969, 16451138710412, 16451143146018, 16451143321861, 16451155173284
16451161976154, 16451169419525, 16451173309341, 16451173446970, 16451184000121
16451190203685, 16451196411545, 16451200554647, 16451202329167, 16451215723586
16451222083807, 16451227856231, 16451232160008, 16451232198393, 16451243889023
16451251190838, 16451258136363, 16451262942737, 16451263074561, 16451274221807
16451280439445, 16451286312358, 16451291612660, 16451291741487, 16451302933892
16451308483767, 16451314894567, 16451320276200, 16451320422975, 16451346673831
16451354263835, 16451364159560, 16451368545945, 16451368909068, 16451381196084
16451386640520, 16451394233237, 16451398684979, 16451398834291, 16451409697449
16451416023076, 16451422970217, 16451426911438, 16451427016815, 16451437602294
16451442461643, 16451450611837, 16451454752644, 16451458298196, 16451466187214
16451471196022, 16451477620863, 16451483485028, 16451483626688, 16451493423059
16451499500559, 16451506220771, 16451510295644, 16451510424787, 16451521087777
16451526636036, 16451533594973, 16451537824092, 16451538690049, 16451558163558
16451564075447, 16451570654868, 16451575541268, 16451575682230, 16451585974110
16451592357554, 16451598444697, 16451603333627, 16451606501068, 16451615323313
16451618612123, 16451627511527, 16451631036202, 16451631733126, 16451643188514
16451649213988, 16451656133599, 16451662287434, 16451662427057, 16451673031698
16451680226113, 16451686374696, 16451690544555, 16451690663184, 16451702269258
16451707950016, 16451715779985, 16451719772407, 16451719879832, 16451730809576
16451736068539, 16451743636003, 16451748114583, 16451748217119, 16451763931355
16451780949416, 16451787920020, 16451792327658, 16451792344700, 16451802950982
16451809716097, 16451815441251, 16451820760928, 16451821000297, 16451832199931
16451838781037, 16451844713505, 16451850143121, 16451850596840, 16451862737607
16451869379556, 16451875865809, 16451880054730, 16451880106490, 16451891263111
16451899422262, 16451905141687, 16451908368716, 16451908369067, 16451919853554
16451925900375, 16451932696189, 16451937871941, 16451937993000, 16451949418890
16451956106070, 16451964820008, 16451969494259, 16451969566955, 16451982050136
16451987910875, 16452002820229, 16452007221800, 16452007343984, 16452018833189
16452025132578, 16452032194162, 16452036228397, 16452037858311, 16452048632603
16452054924286, 16452061756404, 16452067081287, 16452070420674, 16452078215746
16452084636667, 16452091248762, 16452095251760, 16452095364651, 16452107339422
16452114022494, 16452119834850, 16452124391725, 16452124540175, 16452134841450
16452141198998, 16452148428077, 16452152610768, 16452152734277, 16452164658660
16452170616611, 16452176710802, 16452181039467, 16452181255316, 16452191385850
16452199554991, 16452206100590, 16452210627445, 16452226135847, 16452231271215
16452237738367, 16452245347644, 16452250550929, 16452250703888, 16452264097097
16452269727981, 16452276299745, 16452281050514, 16452281322186, 16452292120697
16452298489502, 16452305770395, 16452310114442, 16452310260873, 16452322002194
16452327151661, 16452334260815, 16452339107263, 16452339220587, 16452358919361
16452366963965, 16452374629537, 16452379604293, 16452379745723, 16452392123561
16452398486586, 16452405274655, 16452408697564, 16452408968980, 16452421241351
16452427594834, 16452433619264, 16452439092589, 16452439271421, 16452461469652
16452467121775, 16452476468365, 16452480079080, 16452480307868, 16452491512875
16452498606775, 16452508254455, 16452512091462, 16452512233773, 16452525202720
16452531388023, 16452540505616, 16452547080872, 16452547253946, 16452562835461
16452570494427, 16452578463678, 16452583934839, 16452584068686, 16452600670706
16452608505035, 16452616326047, 16452620012677, 16452620029387, 16452635550651
16452642686613, 16452652072180, 16452657353172, 16452657494248, 16452670842619
16452678408273, 16452686140420, 16452691627654, 16452691804262, 16452716392643
16452723074197, 16452729490325, 16452734964087, 16452735086601, 16452745409822
16452751433715, 16452759470604, 16452763954997, 16452764046972, 16452774520652
16452782029100, 16452788242159, 16452791991029, 16452793027927, 16452803980748
16452810474118, 16452817704353, 16452822616084, 16452822892373, 16452833750752
16452839804912, 16452845713388, 16452849356926, 16452849481776, 16452865592491
16452871996581, 16452877484222, 16452882752663, 16452882932638, 16452893515471
16452900838776, 16452907273495, 16452911327136, 16452911464998, 16452923840438
16452937511697, 16452944826274, 16452948304373, 16452948429733, 16452961688275
16452967969362, 16452975059469, 16452979004267, 16452979158731, 16452990265502
16452996811046, 16453003967971, 16453008624677, 16453008758589, 16453021232169
16453027884224, 16453034256220, 16453038360598, 16453041634392, 16453049961421
16453056031100, 16453063149493, 16453067959910, 16453068131373, 16453078300848
16453084069714, 16453090682771, 16453094660625, 16453094794441, 16453105773928
16453110584988, 16453118221310, 16453122985858, 16453123141343, 16453137756109
16453144272803, 16453163469708, 16453167569508, 16453167694563, 16453178888949
16453185301111, 16453191953869, 16453195789437, 16453195917270, 16453208912638
16453214167043, 16453221155761, 16453224443017, 16453226123959, 16453236055711
16453242167399, 16453250630937, 16453254053094, 16453254062377, 16453266286189
16453271358278, 16453279382850, 16453283326510, 16453283474043, 16453294707885
16453301807290, 16453308369578, 16453312954707, 16453313120281, 16453324977685
16453331652886, 16453339538041, 16453345294686, 16453345475083, 16453366405177
16453371949192, 16453385008540, 16453394414998, 16453396335650, 16453412126722
16453420003291, 16453427802428, 16453431981046, 16453432144468, 16453445815263
16453453517366, 16453462313808, 16453466948675, 16453467237528, 16453478860795
16453485346308, 16453491723066, 16453496340698, 16453496381514, 16453509918895
16453516909669, 16453524273165, 16453528146953, 16453528422030, 16453540377103
16453545907612, 16453553064066, 16453556801431, 16453557090182, 16453570415697
16453576149955, 16453583474454, 16453587391834, 16453587501869, 16453600215529
16453606485970, 16453613179814, 16453616824417, 16453617134982, 16453636425237
16453642273353, 16453649251643, 16453652987015, 16453655345173, 16453666253646
16453673614327, 16453680574611, 16453684335125, 16453684648648, 16453696870733
16453703117576, 16453710230760, 16453714258358, 16453715319936, 16453726162266
16453732271677, 16453738795976, 16453743155493, 16453743249310, 16453754545214
16453763067728, 16453769973331, 16453775170006, 16453779633087, 16453787045918
16453793273157, 16453801130469, 16453805306690, 16453805457305, 16453816867125
16453821696875, 16453829497824, 16453834228877, 16453834363683, 16453844597898
16453859332526, 16453866700596, 16453872115676, 16453872267300, 16453882428466
16453888189891, 16453896075545, 16453901333073, 16453901503158, 16453912469105
16453919466227, 16453924974825, 16453929878876, 16453930885991, 16453941262359
16453947223809, 16453955046891, 16453958744872, 16453958862317, 16453971212437
16453976575569, 16453982617675, 16453986417707, 16453986541465, 16454000233026
16454006557054, 16454013184533, 16454016580220, 16454018292583, 16454029539075
16454034934853, 16454040671890, 16454044631494, 16454044719619, 16454056968576
16454066115696, 16454082808686, 16454087638519, 16454087756724, 16454099520079
16454105448944, 16454112475071, 16454116583376, 16454117878417, 16454128947721
16454134136540, 16454140964249, 16454145739787, 16454145768604, 16454158388586
16454165030961, 16454173636779, 16454177396490, 16454177546351, 16454187330821
16454193842576, 16454200440479, 16454204406134, 16454204406485, 16454215713025
16454221926764, 16454228740558, 16454232656585, 16454233900209, 16454243569611
16454250973784, 16454257187379, 16454261181377, 16454261304694, 16454274015360
16454279312244, 16454293833752, 16454297537288, 16454297647403, 16454310278248
16454316990287, 16454324184897, 16454329121011, 16454329274940, 16454339678211
16454346882429, 16454353345026, 16454357422040, 16454358701419, 16454370985798
16454385044591, 16454394553949, 16454399374971, 16454400416274, 16454410588300
16454417870326, 16454423742954, 16454427840568, 16454427840919, 16454440930509
16454446456422, 16454452963678, 16454458422205, 16454458601796, 16454469801390
16454475914911, 16454483615066, 16454487408483, 16454487530765, 16454498632085
16454503724847, 16454521321912, 16454525482887, 16454525634360, 16454545736154
16454552256578, 16454559552103, 16454564773980, 16454564901935, 16454575865661
16454582906185, 16454589826820, 16454593894583, 16454594026416, 16454604240386
16454611505102, 16454617968768, 16454622348884, 16454622487869, 16454634043471
16454640460175, 16454647481784, 16454652675653, 16454652831442, 16454665967733
16454672319458, 16454678090626, 16454683177200, 16454683315327, 16454694741593
16454701483064, 16454707972206, 16454712179325, 16454712312471, 16454724562528
16454730311464, 16454737968566, 16454742232488, 16454742370598, 16454762158915
16454768882757, 16454776203177, 16454780058245, 16454780179550, 16454793055594
16454798996059, 16454806202262, 16454810487700, 16454810608778, 16454821005207
16454826835082, 16454832879978, 16454837838361, 16454837941198, 16454847338479
16454854731881, 16454861380104, 16454866045421, 16454866045721, 16454876872723
16454883866496, 16454891619599, 16454896103877, 16454896767602, 16454907761808
16454915013294, 16454920791161, 16454924716418, 16454926545711, 16454937355275
16454944566740, 16454951295718, 16454955636269, 16454955749384, 16454968493662
16455119582004, 16455126424266, 16455131476854, 16455131625338, 16455142701533
16455147318044, 16455155045906, 16455158893574, 16455159047317, 16455171387233
16455176606360, 16455183277758, 16455188354820, 16455188512508, 16455202173969
16455208606551, 16455214270526, 16455219577565, 16455219593238, 16455230285206
16455237135285, 16455243420314, 16455248227940, 16455248408160, 16455261130404
16455269986791, 16455276592778, 16455281607130, 16455281829003, 16455291579962
16455299826230, 16455305731792, 16455310403278, 16455310746716, 16455322125759
16455328004018, 16455338564539, 16455344090874, 16455344186224, 16455357048008
16455362659223, 16455369655274, 16455375123289, 16455375258275, 16455393956205
16455405425737, 16455416273787, 16455420126615, 16455428946041, 16455445921372
16455455263277, 16455463711464, 16455467904548, 16455468000618, 16455479000696
16455485544978, 16455492867981, 16455496084089, 16455496209906, 16455509567112
16455515393487, 16455521936371, 16455526291536, 16455526434042, 16455536424803
16455542759960, 16455549374628, 16455552713412, 16455552837517, 16455566340089
16455573805102, 16455581413016, 16455585740974, 16455585849038, 16455598817538
16455605122262, 16455611168817, 16455616414411, 16455616564796, 16455627654419
16455633419663, 16455640161566, 16455645493125, 16455645721729, 16455657079384
16455662726036, 16455669792567, 16455674670480, 16455674813452, 16455691093874
16455698164101, 16455707479684, 16455711781616, 16455711908522, 16455724268632
16455739126767, 16455745011400, 16455750125302, 16455750287093, 16455761328745
16455767127375, 16455774658892, 16455779164771, 16455779292475, 16455790349962
16455798377973, 16455804969370, 16455809101223, 16455809239415, 16455820620020
16455826569516, 16455832652105, 16455836210226, 16455836226090, 16455848616864
16455855181981, 16455861183557, 16455868932748, 16455869119975, 16455881083877
16455887700191, 16455894620946, 16455900120413, 16455900305134, 16455910995278
16455918173338, 16455926414960, 16455930148162, 16455930285760, 16455942199210
16455949957529, 16455955676356, 16455959657747, 16455960809795, 16455972066025
16455978158102, 16455984834144, 16455989034923, 16455989035273, 16456002846513
16456008212476, 16456025780945, 16456025924260, 16456028247557, 16456041683147
16456046920338, 16456054034815, 16456057924563, 16456058087526, 16456069609292
16456076617132, 16456083435872, 16456087333524, 16456087452600, 16456098608196
16456104928853, 16456117338604, 16456123197671, 16456123331222, 16456135583073
16456145350482, 16456159381530, 16456165543885, 16456165699663, 16456177571260
16456184127787, 16456190822431, 16456194907369, 16456195059609, 16456206917641
16456212050291, 16456218816281, 16456223726100, 16456223831111, 16456234784784
16456241330094, 16456248125695, 16456252840722, 16456252961914, 16456263693891
16456270668796, 16456279451881, 16456283210939, 16456283329152, 16456295313791
16456299154301, 16456309417808, 16456314765269, 16456314914249, 16456325246809
16456339879513, 16456347872140, 16456351993702, 16456352118071, 16456364469833
16456371980079, 16456380828762, 16456385492476, 16456385717129, 16456396733989
16456409851439, 16456417529240, 16456421731826, 16456421882732, 16456435308806
16456442588383, 16456454344034, 16456459121768, 16456463935492, 16456473239999
16456480117385, 16456486387434, 16456490593393, 16456490720519, 16456502601450
16456508658759, 16456516082604, 16456519971780, 16456520094851, 16456531787575
16456538216041, 16456544259640, 16456548698462, 16456548997127, 16456559197275
16456565720326, 16456572125062, 16456576233085, 16456576339659, 16456588275019
16456594716889, 16456603311224, 16456607252254, 16456607495181, 16456619089012
16456624153871, 16456632401341, 16456636685223, 16456649059954, 16456656911591
16456663803862, 16456671239933, 16456675658301, 16456675785260, 16456686370793
16456693265842, 16456699893019, 16456704987055, 16456705146322, 16456715746327
16456720802923, 16456727030651, 16456731550528, 16456731697805, 16456743195840
16456750470053, 16456757025862, 16456762052328, 16456762582223, 16456774723449
16456782197097, 16456788129531, 16456792337767, 16456792338118, 16456806276863
16456813371502, 16456819128873, 16456824287382, 16456824287733, 16456835452458
16456841751757, 16456850124274, 16456854513681, 16456854682528, 16456865017007
16456872273190, 16456878962814, 16456884050668, 16456884181737, 16456894776645
16456901296267, 16456908457415, 16456913338388, 16456915878343, 16456924186809
16456939054088, 16456945892322, 16456951394194, 16456951522915, 16456962498012
16456968523920, 16456974217288, 16456978458649, 16456978650433, 16456990213389
16456995893130, 16457003279190, 16457007909944, 16457008047873, 16457020504062
16457026887493, 16457034183710, 16457039068887, 16457039186957, 16457049489579
16457055265083, 16457062472807, 16457068509286, 16457068678927, 16457080515015
16457086103320, 16457093925219, 16457098449961, 16457098591978, 16457111515353
16457115819356, 16457123732407, 16457128443279, 16457128595380, 16457139945759
16457147325045, 16457154244922, 16457158504389, 16457158640725, 16457171153072
16457176361714, 16457184587500, 16457188980835, 16457189454187, 16457201045602
16457207986491, 16457214628871, 16457219361240, 16457231393172, 16457239764174
16457245718412, 16457252983587, 16457256733737, 16457257051058, 16457267316354
16457273718401, 16457279723717, 16457283473874, 16457286081777, 16457297322549
16457303382522, 16457311371729, 16457315476429, 16457315598534, 16457325498808
16457331043767, 16457339028171, 16457343598238, 16457343729233, 16457355679234
16457362303378, 16457371183443, 16457375250853, 16457375583091, 16457386595112
16457393726009, 16457403762556, 16457408167283, 16457408987070, 16457424978648
16457434976291, 16457441955122, 16457448080898, 16457448236457, 16457459839947
16457465704798, 16457472251071, 16457476450371, 16457476450721, 16457489132388
16457494892944, 16457502542141, 16457506316977, 16457506454096, 16457519723049
16457536372139, 16457543318888, 16457548442846, 16457548524404, 16457559567073
16457565867540, 16457571995112, 16457575944086, 16457576067337, 16457588010653
16457593545089, 16457600437986, 16457605325246, 16457605462083, 16457617821509
16457624066215, 16457629740782, 16457634249755, 16457634484394, 16457645007112
16457653660310, 16457660116297, 16457664351731, 16457664620771, 16457677332098
16457684152417, 16457690161000, 16457695597834, 16457695733344, 16457706328386
16457714022323, 16457720350333, 16457725209425, 16457725362193, 16457736352319
16457742417443, 16457750167012, 16457754087109, 16457754214209, 16457767919504
16457773888972, 16457780994788, 16457784378124, 16457784659718, 16457797597691
16457803907580, 16457812152991, 16457816094884, 16457816231053, 16457836478302
16457842436377, 16457850275190, 16457854155325, 16457854271970, 16457866905078
16457872459231, 16457878742366, 16457882835323, 16457882990903, 16457893470596
16457901016917, 16457907126933, 16457911458599, 16457911571504, 16457922885796
16457930654375, 16457937052053, 16457942077852, 16457942226918, 16457953751201
16457959544484, 16457971598257, 16457976532128, 16457976941757, 16457992847330
16458001469346, 16458009619343, 16458013633904, 16458013833514, 16458031101498
16458038807952, 16458046349838, 16458050402303, 16458050542965, 16458063133360
16458069017231, 16458075768796, 16458079566501, 16458079688815, 16458091689335
16458097497238, 16458104191324, 16458108390092, 16458108538999, 16458119575747
16458136027745, 16458143520598, 16458149004130, 16458149363887, 16458161532104
16458167475911, 16458174203247, 16458177975530, 16458179125899, 16458189959272
16458197087015, 16458203462974, 16458207658598, 16458207769268, 16458219346475
16458225497557, 16458233552830, 16458237454567, 16458237515092, 16458249932740
16458255893048, 16458262195896, 16458268250266, 16458268250617, 16458278811019
16458285316962, 16458292558175, 16458295964182, 16458296072253, 16458309828403
16458317595560, 16458323361364, 16458328068358, 16458328210867, 16458339218038
16458343918836, 16458353125648, 16458357963069, 16458358086518, 16458370411513
16458375096179, 16458383757259, 16458387844031, 16458387964297, 16458398466604
16458403472358, 16458411152192, 16458415680524, 16458415810718, 16458442383439
16458451702690, 16458458917780, 16458463282229, 16458463413274, 16458475388721
16458482618361, 16458489394716, 16458493840067, 16458493985815, 16458505350195
16458511180106, 16458517932639, 16458523680023, 16458523801223, 16458535489922
16458542108230, 16458548979969, 16458552952296, 16458553201223, 16458563361761
16458572785847, 16458578836778, 16458583703220, 16458583830874, 16458597011300
16458604933536, 16458610964738, 16458616106153, 16458616250814, 16458627535571
16458633464323, 16458639504281, 16458643598472, 16458643726949, 16458655770338
16458661690755, 16458668019400, 16458671928924, 16458672728466, 16458684078335
16458689062457, 16458696093882, 16458701198247, 16458701415587, 16458713021157
16458729103168, 16458737519911, 16458742066253, 16458742180754, 16458756690359
16458764140891, 16458770330615, 16458773948285, 16458774061657, 16458787356360
16458793632928, 16458800120560, 16458805973857, 16458806545937, 16458817454631
16458822970582, 16458830358130, 16458834590300, 16458834717885, 16458847316913
16458853826748, 16458859182028, 16458862620826, 16458862728145, 16458877599209
16458883364367, 16458890566892, 16458896130248, 16458896294985, 16458906861994
16458913037878, 16458919777281, 16458924754210, 16458924915483, 16458935375975
16458941637565, 16458949115816, 16458954383024, 16458954500000, 16458964749510
16458970964861, 16458977263028, 16458983203504, 16458983325441, 16458995937630
16459003615835, 16459011044728, 16459015608706, 16459015657272, 16459035843924
16459041863575, 16459048648655, 16459053039050, 16459053211615, 16459063002241
16459069569239, 16459076499471, 16459081544055, 16459081684289, 16459091954151
16459098584006, 16459106425112, 16459110338586, 16459110436870, 16459121235701
16459128491234, 16459135701761, 16459139808506, 16459141193768, 16459153618373
16459158862551, 16459166232053, 16459173004394, 16459173174493, 16459184061393
16459190701570, 16459198404995, 16459203775814, 16459203906604, 16459215919244
16459221910094, 16459229891023, 16459234121430, 16459234268894, 16459247424012
16459251814992, 16459260905976, 16459265377795, 16459265532398, 16459278490173
16459285043022, 16459291617760, 16459296147104, 16459296198598, 16459308747872
16459322101087, 16459330171979, 16459334579595, 16459334733168, 16459345320039
16459352657687, 16459358153957, 16459362237905, 16459362348100, 16459374881568
16459381399611, 16459387269916, 16459393272631, 16459393400279, 16459404188237
16459413715811, 16459421085981, 16459425216374, 16459425305649, 16459437708262
16459449566417, 16459457287492, 16459462247563, 16459462645235, 16459477210894
16459482816180, 16459489612658, 16459495243452, 16459495376867, 16459506216719
16459514078866, 16459522680380, 16459526482892, 16459526603763, 16459542906494
16459551004522, 16459556719781, 16459560824532, 16459561028767, 16459573079803
16459580692322, 16459587232943, 16459596590620, 16459596766293, 16459610092308
16459615029847, 16459622151155, 16459626847139, 16459627001314, 16459647784817
16459655090546, 16459661031213, 16459665912614, 16459666050221, 16459677246371
16459682931764, 16459692193162, 16459695968169, 16459696197049, 16459707197732
16459713547014, 16459720349244, 16459724085588, 16459724085939, 16459736984858
16459742414764, 16459749783981, 16459753886654, 16459754045619, 16459764976953
16459773021677, 16459780135420, 16459784136480, 16459784161941, 16459795151883
16459802596320, 16459812077743, 16459816055973, 16459816971273, 16459828118090
16459836018369, 16459841482508, 16459846708745, 16459846868547, 16459858560275
16459863722946, 16459876638795, 16459882549427, 16459885739341, 16459907174893
16459913213462, 16459920115007, 16459924215371, 16459924731305, 16459935405942
16459943442889, 16459959590880, 16459970200902, 16459970387628, 16459976112279
16459982581064, 16459987877469, 16459992103561, 16459992346291, 16460004985183
16460011499121, 16460019402659, 16460023318112, 16460023760122, 16460035671002
16460042033008, 16460049313395, 16460054162978, 16460054280971, 16460064794999
16460073834173, 16460083994415, 16460088099790, 16460088227150, 16460100621148
16460109957858, 16460118019652, 16460123995912, 16460124236097, 16460135514012
16460142499390, 16460149140872, 16460154003699, 16460154141966, 16460167565784
16460174452583, 16460180596467, 16460186112902, 16460186280097, 16460197169267
16460203923689, 16460211600033, 16460215521613, 16460215650162, 16460226503302
16460231899634, 16460240547409, 16460245537221, 16460245661870, 16460270393148
16460278379362, 16460285181727, 16460289265065, 16460289547907, 16460299486900
16460307136203, 16460314224503, 16460318114365, 16460318246440, 16460329624619
16460336959757, 16460343319244, 16460348209201, 16460348301941, 16460358179534
16460366978933, 16460375306106, 16460379270670, 16460379270970, 16460391685858
16460398119937, 16460404486879, 16460410119370, 16460410253356, 16460422006359
16460427104059, 16460434593866, 16460438757237, 16460438908296, 16460450891912
16460457289362, 16460468913790, 16460476840641, 16460477133356, 16460489898147
16460496114908, 16460503012898, 16460507601231, 16460507653984, 16460518871810
16460525743479, 16460532284663, 16460536128131, 16460536128482, 16460549248326
16460555726751, 16460573278985, 16460577177640, 16460577394715, 16460591837399
16460597486591, 16460604382380, 16460608781805, 16460609133579, 16460620849086
16460627290100, 16460634196657, 16460638459371, 16460638608167, 16460650717161
16460657190851, 16460666477639, 16460672311899, 16460672452661, 16460684020104
16460691463662, 16460698018788, 16460703461363, 16460703577730, 16460715068722
16460721012346, 16460727268453, 16460730536506, 16460730536807, 16460742953978
16460748199412, 16460754555640, 16460759367089, 16460759492551, 16460770986493
16460778227270, 16460784665871, 16460788058777, 16460788059128, 16460799201771
16460807070548, 16460813346091, 16460816865988, 16460817098040, 16460830684249
16460837197782, 16460844333996, 16460848114487, 16460848114837, 16460871248137
16460877976893, 16460883670243, 16460888374740, 16460888375090, 16460901034480
16460908522425, 16460915207667, 16460920699426, 16460920838823, 16460931540602
16460938074382, 16460945018964, 16460948182495, 16460948249939, 16460960923580
16460967154939, 16460975614895, 16460979246437, 16460979353834, 16460992604655
16460999971821, 16461006470585, 16461011011129, 16461011142056, 16461022678081
16461028517847, 16461034976205, 16461038830203, 16461038963445, 16461052200260
16461058832892, 16461065236315, 16461068768236, 16461069052628, 16461081657148
16461086957753, 16461094410421, 16461098745091, 16461098873629, 16461109525073
16461115291475, 16461123965942, 16461127845838, 16461127962186, 16461140963887
16461148288761, 16461163526688, 16461169534248, 16461169687857, 16461181691185
16461187811443, 16461195013890, 16461200316170, 16461200316521, 16461211300726
16461217513272, 16461224328558, 16461228773372, 16461229164910, 16461239782676
16461246037556, 16461253090275, 16461257052897, 16461257174141, 16461269236530
16461276861457, 16461284389647, 16461288351944, 16461288634885, 16461300861919
16461306217494, 16461314292572, 16461318247810, 16461318379005, 16461330386824
16461336105780, 16461342347618, 16461346542916, 16461346674887, 16461358449413
16461363953494, 16461370719206, 16461374709441, 16461374831216, 16461387047916
16461394170611, 16461400886237, 16461404459709, 16461404460059, 16461415585242
16461422130777, 16461429255862, 16461433323878, 16461433535014, 16461455931334
16461462324976, 16461469309504, 16461474946073, 16461475129347, 16461498105497
16461504284324, 16461511836416, 16461516444741, 16461516445092, 16461527345486
16461533677735, 16461544561118, 16461548493393, 16461549212060, 16461562874127
16461569335897, 16461577717809, 16461581843755, 16461581987316, 16461593251728
16461600240392, 16461606579323, 16461610274622, 16461610659934, 16461622801735
16461629360246, 16461635977080, 16461640453043, 16461640532875, 16461652447413
16461659862093, 16461666712455, 16461670605425, 16461670741343, 16461682299047
16461690285156, 16461696479729, 16461701065155, 16461701202112, 16461712145482
16461718597151, 16461725199041, 16461728474488, 16461728474789, 16461739566796
16461746319114, 16461764203042, 16461768934472, 16461769146870, 16461780723417
16461786724867, 16461793450178, 16461796865867, 16461798454528, 16461810849616
16461816507407, 16461823336094, 16461827013188, 16461827125003, 16461838481215
16461844888697, 16461851473045, 16461856675231, 16461856821828, 16461867563743
16461876140764, 16461882459867, 16461886546243, 16461886654299, 16461897651144
16461906221754, 16461912311282, 16461916416708, 16461916733966, 16461928693158
16461934092010, 16461941780790, 16461945488076, 16461945511265, 16461958549134
16461964376161, 16461970466716, 16461975298634, 16461975424413, 16461985687591
16461990983230, 16461999632054, 16462004519905, 16462004884948, 16462016234382
16462022306425, 16462028732271, 16462032479030, 16462032562135, 16462055544793
16462062655327, 16462069141126, 16462072450034, 16462072450335, 16462083966991
16462090202780, 16462095381194, 16462100875827, 16462101025417, 16462113467411
16462119651507, 16462125586709, 16462129672198, 16462129807792, 16462140699056
16462146923811, 16462153535784, 16462158664924, 16462158786168, 16462170340957
16462179740507, 16462186501482, 16462190671566, 16462190813770, 16462201657800
16462208782285, 16462216512593, 16462220063873, 16462220193380, 16462230476241
16462236246585, 16462242670904, 16462248534269, 16462248681706, 16462261366547
16462267576163, 16462274262574, 16462278496902, 16462278640729, 16462290251805
16462298234064, 16462305204883, 16462308566792, 16462308673469, 16462323391743
16462329298398, 16462344663451, 16462348037432, 16462348137348, 16462362749123
16462367842256, 16462375610772, 16462379546397, 16462379666680, 16462391272095
16462397800309, 16462405010814, 16462409211169, 16462409334050, 16462419743670
16462425529344, 16462432158892, 16462436471775, 16462436653540, 16462447773692
16462455943481, 16462463068664, 16462468236872, 16462468375054, 16462480781229
16462492566697, 16462500171726, 16462504131890, 16462504324194, 16462519500182
16462525547903, 16462531324544, 16462534482000, 16462537111304, 16462550012897
16462556485136, 16462562734230, 16462566914675, 16462566915025, 16462578026203
16462583418572, 16462590746149, 16462594840370, 16462594960167, 16462606552059
16462613786201, 16462621057392, 16462624341521, 16462624341871, 16462647568793
16462653772300, 16462660108339, 16462665790496, 16462665944691, 16462677493630
16462682472087, 16462689142952, 16462693026486, 16462693026837, 16462705711166
16462709879180, 16462718899952, 16462723128280, 16462723247276, 16462734934779
16462741215345, 16462748596277, 16462753013236, 16462753170426, 16462765465764
16462771861110, 16462780463624, 16462784672008, 16462784887916, 16462796951589
16462801961431, 16462809667004, 16462813218340, 16462813392563, 16462826588797
16462831805570, 16462837886645, 16462842980345, 16462843224560, 16462853400162
16462858859466, 16462867094796, 16462870266347, 16462870266698, 16462883005506
16462889766724, 16462895795218, 16462899671867, 16462899777293, 16462912004728
16462918494571, 16462933406613, 16462937346525, 16462937485510, 16462948161248
16462955669314, 16462962275660, 16462966421631, 16462966538022, 16462978300740
16462983192225, 16462990492693, 16462994057467, 16462995340309, 16463005976419
16463011512349, 16463019350791, 16463025400515, 16463025532220, 16463035102365
16463041547246, 16463048937522, 16463054518149, 16463054678380, 16463065337435
16463072740313, 16463081743100, 16463086408596, 16463086617851, 16463100319202
16463106633090, 16463113661645, 16463117007917, 16463117008268, 16463128803805
16463134006470, 16463141978385, 16463146119350, 16463147356224, 16463158964882
16463165345305, 16463172604196, 16463176359415, 16463176457629, 16463187867731
16463194428290, 16463201106875, 16463206283058, 16463206416087, 16463227707236
16463235522057, 16463241651226, 16463245577058, 16463245714193, 16463256821529
16463262652746, 16463269624380, 16463274163137, 16463274229392, 16463284684374
16463291050461, 16463298019429, 16463304039658, 16463304173184, 16463314208659
